,상품명,스팩,가격
0,샤오미 차량용 청소기 무선 3세대 (해외구매),"차량용청소기 / 무선 / 흡입력: 16,800Pa / 최대출력: 120W / 헤파필터 / 추가노즐: 틈새, 솔브러쉬, 연장호스 / 사용시간: 25분 / 크기 : 369x72mm / 무게 : 560g","53,320원"
1,샤오미 드리미 V10,"핸디/스틱청소기 / 핸디+스틱형 / 무선형 / 전압: 25.2V / 헤파필터 / H12급 / 5단계여과 / 흡입력: 140AW / 흡입력: 22000Pa / 먼지통용량: 0.5L / 충전시간: 3시간30분 / 사용시간: 1시간 / 용량: 2500mAh / 브러쉬: 바닥, 솔형, 틈새, 침구, 연장관 / 거치대 / 무게: 1.5kg / 색상:화이트 / 소비전력: 450W","151,490원"
2,LG전자 코드제로 A9S A9700,"핸디/스틱청소기 / 핸디+스틱형 / 무선형 / 헤파필터 / 2중터보싸이클론 / 5단계여과 / 인버터모터 / 흡입력: 200W / 충전시간: 4시간 / 사용시간: 2시간 / 배터리: 리튬이온 (2개) / 브러쉬: 바닥, 솔형, 틈새, 침구, 매트리스, 물걸레, 연장관 / 거치대 / 디스플레이표시창 / 배터리잔량표시 / WiFi / 색상:판타지실버 / 소비전력: 590W / 미세먼지인증(SLG) / 3단계물분사조절 / 크기(가로x세로x깊이): 250x1120x260mm","974,310원"
3,다이슨 V8 플러피,"핸디/스틱청소기 / 핸디+스틱형 / 무선형 / 전압: 21.6V / 싸이클론 / 흡입력: 155AW / 충전시간: 5시간 / 사용시간: 40분 / 배터리: 리튬이온 / 도킹스테이션 / 무게: 2.58kg / 브러쉬: 소프트롤러클리너헤드, 미니모터, 소프트더스팅, 콤비네이션툴, 크레비스툴, 매트리스툴, 연장호스 / 크기(가로x세로x깊이): 250x1264x224mm","444,340원"
4,다이슨 디지털 슬림 플러피+,"핸디/스틱청소기 / 핸디+스틱형 / 무선형 / 싸이클론 / 5단계여과 / 흡입력: 100AW / 먼지통용량: 0.3L / 충전시간: 3시간30분 / 사용시간: 40분 / 거치대 / 도킹스테이션 / 디스플레이표시창 / 무게: 1.9kg / 색상:오렌지 / 브러쉬: 슬림소프트롤러클리너헤드, 콤비네이션툴, 라이트파이프크레비스툴, 미니모터툴, 스터번더트브러쉬, 매트리스툴, 연장호스 / 크기(가로x세로x깊이): 250x1100x250mm","708,910원"
5,일렉트로룩스 ZB3302AK,"핸디/스틱청소기 / 핸디+스틱형 / 무선형 / 전압: 14.4V / 4단계여과 / 충전시간: 4시간 / 사용시간: 42분 / 배터리: 리튬이온 / LED라이트 / 배터리잔량표시 / 브러쉬자동청소 / 셀프스탠딩 / 무게: 3.22kg / 알레르기인증(BAF) / 브러쉬: 바닥, 미니침구, 소파용, 긴틈새, 2in1 / 크기(가로x세로x깊이): 303x690x162mm","148,230원"
6,AIPINYUE 차량용 가정용 무선 청소기 (해외구매),"차량용청소기 / 유무선 / 흡입력: 6,000Pa / 최대출력: 120W / 헤파필터 / 추가노즐: 틈새, 솔브러쉬 / 코드길이: 3m / 색상: 블랙, 화이트 / 크기: 37x6.5cm","12,870원"
7,LG전자 코드제로 A9S A9470,"핸디/스틱청소기 / 핸디+스틱형 / 무선형 / 헤파필터 / 2중터보싸이클론 / 5단계여과 / 인버터모터 / 충전시간: 4시간 / 사용시간: 2시간 / 배터리: 리튬이온 (2개) / 브러쉬: 바닥, 솔형, 틈새, 물걸레 / 거치대 / 디스플레이표시창 / 배터리잔량표시 / WiFi / 색상:아이언그레이 / 소비전력: 590W / 미세먼지인증(SLG) / 크기(가로x세로x깊이): 250x1120x260mm","871,140원"
8,삼성전자 제트 VS20T9222K2CS,"핸디/스틱청소기 / 핸디+스틱형 / 무선형 / 전압: 21.9V / 헤파필터 / 싸이클론 / 5단계여과 / 인버터모터 / 흡입력: 200W / 먼지통용량: 0.5L / 충전시간: 3시간30분 / 사용시간: 1시간 / 배터리: 리튬이온 / 브러쉬: 바닥, 솔형, 틈새, 펫, 물걸레, 연장관 / 거치대 / 디스플레이표시창 / 프리볼트 / 무게: 2.73kg / 색상:티탄모노크롬 / 소비전력: 550W / 알레르기인증(BAF) / 미세먼지인증(SLG) / 크기(가로x세로x깊이): 250x1136x215mm / [VCA-SAE90A] 청정스테이션 / 색상: 블랙 / 크기(가로x세로x깊이): 185x600x180mm","840,440원"
9,델로라 V11 파워 300W,"핸디/스틱청소기 / 핸디+스틱형 / 무선형 / 전압: 29.6V / 헤파필터 / 싸이클론 / 4단계여과 / BLDC모터 / 흡입력: 22000Pa / 먼지통용량: 0.6L / 충전시간: 5시간 / 사용시간: 1시간10분 / 배터리: 리튬이온 / 용량: 2500mAh / 브러쉬: 바닥, 솔형, 틈새, 침구, 연장관 / LED라이트 / 거치대 / 무게: 3.89kg / 색상:레드, 블랙 / 소비전력: 300W / 크기(가로x세로x깊이): 239x1255x105mm","129,000원"
10,다이슨 V10 카본파이버,"핸디/스틱청소기 / 핸디+스틱형 / 무선형 / 전압: 25.2V / 싸이클론 / 흡입력: 160AW / 충전시간: 3시간30분 / 사용시간: 60분 / 배터리: 리튬이온 / 도킹스테이션 / 무게: 2.5kg / 소비전력: 525W / 브러쉬: 소프트롤러헤드, 토크드라이브클리너헤드, 콤비네이션툴, 크레비스툴, 미니모터툴, 플렉시크레비스툴, 소프트더스팅브러시, 연장호스 / 크기(가로x세로x깊이): 250x1241x256mm","520,180원"
11,LG전자 코드제로 A9S A9570,"핸디/스틱청소기 / 핸디+스틱형 / 무선형 / 헤파필터 / 2중터보싸이클론 / 5단계여과 / 인버터모터 / 흡입력: 200W / 충전시간: 4시간 / 사용시간: 2시간 / 배터리: 리튬이온 (2개) / 브러쉬: 바닥, 솔형, 틈새, 침구, 매트리스, 물걸레 / 거치대 / 디스플레이표시창 / 배터리잔량표시 / WiFi / 색상:판타지실버 / 소비전력: 590W / 미세먼지인증(SLG) / 3단계물분사조절 / 크기(가로x세로x깊이): 250x1120x260mm","897,660원"
12,다이슨 V11 220 에어와트 CF+,"핸디/스틱청소기 / 핸디+스틱형 / 무선형 / 싸이클론 / 6단계여과 / 흡입력: 220AW / 먼지통용량: 0.54L / 충전시간: 4시간30분 / 사용시간: 60분 / 거치대 / 도킹스테이션 / 디스플레이표시창 / 무게: 2.95kg / 브러쉬: 소프트롤러클리너헤드, 하이토크클리너헤드, 콤비네이션툴, 크레비스툴, 미니모터툴, 미니소프트더스팅브러쉬, 매트리스툴, 스터번더트브러쉬 / 크기(가로x세로x깊이): 250x1280x261mm","870,270원"
13,샤오미 SHUNZAO 차량용 무선청소기 2세대 Z1 (해외구매),"차량용청소기 / 무선 / 흡입력: 7,000Pa / 최대출력: 90W / 2중필터 / 추가노즐: 틈새, 솔브러쉬 / LED라이트 / 사용시간: 30분 / 충전방식: USB C타입 / 충전시간: 2시간30분 / 크기: 73x76x336mm / 무게: 700g","24,850원"
14,샤오미 미지아 차량용 핸디 무선 청소기 (해외구매),"차량용청소기 / 무선 / 흡입력: 13,000Pa / 최대출력: 120W / 헤파필터 / 추가노즐: 틈새, 솔브러쉬 / 사용시간: 9~30분 / 버튼 잠금 장치 / 2단 세기 조절 / 크기: 55x267mm / 무게: 500g","33,900원"
15,샤오미 SHUNZAO 차량용 무선청소기 2세대 Z1 PRO (해외구매),"차량용청소기 / 무선 / 흡입력: 12,000Pa / 최대출력: 120W / 2중필터 / 추가노즐: 틈새, 솔브러쉬 / LED라이트 / 사용시간: 30분 / 충전시간: 2시간30분 / 충전방식: USB C타입 / 크기: 73x76x336mm / 무게: 610g","42,370원"
16,LG전자 코드제로 A9S A9300,"핸디/스틱청소기 / 핸디+스틱형 / 무선형 / 헤파필터 / 2중터보싸이클론 / 5단계여과 / 인버터모터 / 흡입력: 200W / 충전시간: 4시간 / 사용시간: 1시간 / 배터리: 리튬이온 / 브러쉬: 바닥, 솔형, 틈새, 매트리스 / 거치대 / 디스플레이표시창 / 배터리잔량표시 / WiFi / 색상:아이언그레이 / 소비전력: 590W / 미세먼지인증(SLG) / 크기(가로x세로x깊이): 250x1120x260mm","663,810원"
17,일렉트로룩스 에르고라피도 파워프로 ZB3411,"핸디/스틱청소기 / 핸디+스틱형 / 무선형 / 전압: 18V / 헤파필터 / 4단계여과 / 먼지통용량: 0.42L / 충전시간: 4시간 / 사용시간: 48분 / 배터리: 리튬이온 / 거치대 / 배터리잔량표시 / 셀프스탠딩 / 무게: 3kg / 색상:타이탄블루 / 브러쉬: 파워프로롤러, UV베드, 틈새 / 크기(가로x세로x깊이): 303x690x162mm","191,580원"
18,삼성전자 제트 VS20R9078S2,"핸디/스틱청소기 / 핸디+스틱형 / 무선형 / 전압: 21.9V / 헤파필터 / 싸이클론 / 5단계여과 / 인버터모터 / 흡입력: 200W / 먼지통용량: 0.5L / 충전시간: 3시간30분 / 사용시간: 120분 / 배터리: 리튬이온 (2개) / 브러쉬: 바닥, 솔형, 틈새, 침구, 물걸레, 연장관 / 거치대 / 디스플레이표시창 / 물걸레 / 프리볼트 / 무게: 2.7kg / 색상:티탄+블루 / 소비전력: 550W / 알레르기인증(BAF) / 미세먼지인증(SLG) / 크기(가로x세로x깊이): 250x1136x215mm","676,740원"
19,DIBEA D18,"핸디/스틱청소기 / 핸디+스틱형 / 무선형 / 전압: 22.2V / 헤파필터 / H13급 / 싸이클론 / 3단계여과 / 흡입력: 9000Pa / 먼지통용량: 0.55L / 충전시간: 4~5시간 / 사용시간: 45분 / 배터리: 리튬이온 / 용량: 2200mAh / 브러쉬: 바닥, 솔형, 틈새, 연장관 / LED라이트 / 거치대 / 배터리잔량표시 / 프리볼트 / 무게: 2.2kg / 소비전력: 120W / 크기(가로x세로x깊이): 240x1040x210mm","89,050원"
20,샤오미 드리미 V11,"핸디/스틱청소기 / 핸디+스틱형 / 무선형 / 전압: 25.2V / 멀티싸이클론 / 5단계여과 / BLDC모터 / 흡입력: 150AW / 흡입력: 25000Pa / 먼지통용량: 0.5L / 충전시간: 4시간 / 사용시간: 1시간30분 / 용량: 3000mAh / 브러쉬: 바닥, 솔형, 틈새, 침구, 연장관 / 거치대 / 디스플레이표시창 / 무게: 1.6kg / 색상:레드 / 소비전력: 450W / 크기(가로x세로): 202x1221mm","259,470원"
21,삼성전자 제트 VS20R9074S2,"핸디/스틱청소기 / 핸디+스틱형 / 무선형 / 전압: 21.9V / 헤파필터 / 싸이클론 / 5단계여과 / 인버터모터 / 흡입력: 200W / 먼지통용량: 0.5L / 충전시간: 3시간30분 / 사용시간: 120분 / 배터리: 리튬이온 (2개) / 브러쉬: 바닥, 솔형, 틈새, 침구, 연장관 / 거치대 / 디스플레이표시창 / 프리볼트 / 무게: 2.7kg / 색상:티탄+블루 / 소비전력: 550W / 알레르기인증(BAF) / 미세먼지인증(SLG) / 크기(가로x세로x깊이): 250x1136x215mm","568,610원"
22,다이슨 V11 컴플리트,"핸디/스틱청소기 / 핸디+스틱형 / 무선형 / 싸이클론 / 흡입력: 185AW / 먼지통용량: 0.54L / 충전시간: 4시간30분 / 사용시간: 1시간 / 거치대 / 도킹스테이션 / 디스플레이표시창 / 무게: 2.95kg / 색상:니켈블루 / 브러쉬: 소프트롤러클리너헤드, 하이토크드라이브헤드, 콤비네이션툴, 크레비스툴, 미니모터툴, 소프트더스팅브러쉬, 매트리스툴, 스터번더트브러쉬 / 크기(가로x세로x깊이): 250x1280x261mm","779,920원"
23,샤오미 드리미 V9,"핸디/스틱청소기 / 핸디+스틱형 / 무선형 / 전압: 25.2V / 헤파필터 / 싸이클론 / 5단계여과 / 흡입력: 120AW / 흡입력: 20000Pa / 먼지통용량: 0.5L / 충전시간: 3시간30분 / 사용시간: 60분 / 용량: 2500mAh / 브러쉬: 바닥, 솔형, 틈새, 침구, 연장관 / 거치대 / 무게: 1.5kg / 색상:화이트 / 소비전력: 400W","298,000원"
24,LG전자 코드제로 A9S A9400,"핸디/스틱청소기 / 핸디+스틱형 / 무선형 / 헤파필터 / 2중터보싸이클론 / 5단계여과 / 인버터모터 / 흡입력: 200W / 충전시간: 4시간 / 사용시간: 2시간 / 배터리: 리튬이온 (2개) / 브러쉬: 바닥, 솔형, 틈새, 매트리스 / 거치대 / 디스플레이표시창 / 배터리잔량표시 / WiFi / 색상:판타지실버 / 소비전력: 590W / 미세먼지인증(SLG) / 크기(가로x세로x깊이): 250x1120x260mm","722,340원"
25,휴스톰 HS-9000,물걸레청소기 / 스틱형 / 회전식 / 무선형 / 전압: 14.6V / 충전시간: 4시간 / 사용시간: 30분 / 배터리: 리튬이온 / 용량: 2850mAh / LED라이트 / 가구손상방지 / 각도조절 / 셀프스탠딩 / 무게: 3.6kg / 색상:블랙 / 모터과열방지 / 과충전방지 / 오토스토핑 / 패드: 극세사(벨크로형) / 크기(가로x세로x깊이): 410x860x256mm,"128,140원"
26,LG전자 코드제로 A9S A9500,"핸디/스틱청소기 / 핸디+스틱형 / 무선형 / 헤파필터 / 2중터보싸이클론 / 5단계여과 / 인버터모터 / 흡입력: 200W / 충전시간: 4시간 / 사용시간: 2시간 / 배터리: 리튬이온 (2개) / 브러쉬: 바닥, 솔형, 틈새, 침구, 매트리스 / 거치대 / 디스플레이표시창 / 배터리잔량표시 / WiFi / 색상:판타지실버 / 소비전력: 590W / 미세먼지인증(SLG) / 크기(가로x세로x깊이): 250x1120x260mm","806,400원"
27,휴스톰 HS-10000,물걸레청소기 / 스틱형 / 회전식 / 무선형 / 전압: 14.6V / 충전시간: 2시간30분 / 사용시간: 30분 / 배터리: 리튬이온 / 용량: 2750mAh / LED라이트 / 가구손상방지 / 각도조절 / 셀프스탠딩 / 배터리잔량표시 / 프리볼트 / 무게: 3.7kg / 색상:블랙 / 모터과열방지 / 과충전방지 / 오토스토핑 / 패드: 극세사(벨크로형) / 크기(가로x세로x깊이): 410x1180x205mm,"138,790원"
28,LG전자 코드제로 A9 A9200,"핸디/스틱청소기 / 핸디+스틱형 / 무선형 / 헤파필터 / 2중터보싸이클론 / 5단계여과 / 인버터모터 / 충전시간: 3시간30분 / 사용시간: 40분 / 배터리: 리튬이온 / 브러쉬: 바닥, 솔형, 틈새 / 거치대 / 색상:아이언그레이 / 소비전력: 450W / 알레르기인증(BAF) / 미세먼지인증(SLG) / 크기(가로x세로x깊이): 250x1120x260mm","569,050원"
29,삼성전자 제트 VS20T9213QDCSW,"핸디/스틱청소기 / 핸디+스틱형 / 무선형 / 전압: 21.6V / 헤파필터 / 싸이클론 / 5단계여과 / 인버터모터 / 흡입력: 200W / 먼지통용량: 0.5L / 충전시간: 3시간30분 / 사용시간: 1시간 / 배터리: 리튬이온 / 브러쉬: 바닥, 솔형, 틈새, 물걸레 / 거치대 / 디스플레이표시창 / 프리볼트 / 무게: 2.64kg / 색상:티탄그레이 / 소비전력: 550W / 알레르기인증(BAF) / 미세먼지인증(SLG) / 크기(가로x세로x깊이): 250x1123x215mm / [VCA-SAE90A] 청정스테이션 / 색상: 블랙 / 크기(가로x세로x깊이): 185x600x180mm","742,540원"
30,일렉트로룩스 ZB6114,"핸디/스틱청소기 / 핸디형 / 무선형 / 전압: 14.4V / 싸이클론 / 3단계여과 / 충전시간: 4시간 / 사용시간: 24분 / 배터리: 리튬이온 / 브러쉬: 솔형, 틈새 / 무게: 1.13kg / 색상:그레이 / 5단계각도조절 / 크기(가로x세로x깊이): 124x410x137mm","76,440원"
31,삼성전자 VC-H71,핸디/스틱청소기 / 핸디+스틱형 / 무선형 / 충전시간: 8시간 / 사용시간: 12분 / 배터리: 니켈수소 / 셀프스탠딩 / 무게: 1kg / 색상:에어본+내츄럴그레이 / 소비전력: 48W / 크기(가로x세로x깊이): 342x265x119mm,"44,250원"
32,일렉트로룩스 퓨어 Q9 PQ91-2OG,"핸디/스틱청소기 / 핸디+스틱형 / 무선형 / 전압: 21.6V / 싸이클론 / 5단계여과 / 먼지통용량: 0.3L / 충전시간: 3시간30분 / 사용시간: 50분 / 배터리: 리튬이온 / 브러쉬: 바닥, 솔형, 틈새 / LED라이트 / 거치대 / 브러쉬자동청소 / 셀프스탠딩 / 무게: 2.7kg / 색상:그라나이트그레이 / 크기(가로x세로x깊이): 234x1056x163mm","247,740원"
33,일렉트로룩스 WELL Q7 WQ71-2OIB,"핸디/스틱청소기 / 핸디+스틱형 / 무선형 / 전압: 21.6V / 싸이클론 / 5단계여과 / 먼지통용량: 0.3L / 충전시간: 4시간30분 / 사용시간: 50분 / 배터리: 리튬이온 / LED라이트 / 거치대 / 배터리잔량표시 / 브러쉬자동청소 / 셀프스탠딩 / 무게: 2.8kg / 색상:인디고블루 / 브러쉬: 바닥, 더스팅, 사선, 틈새 / 크기(가로x세로x깊이): 386x692x140mm","215,620원"
34,일렉트로룩스 퓨어 Q9 PQ92-3OBF,"핸디/스틱청소기 / 핸디+스틱형 / 무선형 / 전압: 25.2V / 싸이클론 / 5단계여과 / 먼지통용량: 0.3L / 충전시간: 4시간 / 사용시간: 53분 / 배터리: 리튬이온 / 브러쉬: 바닥, 솔형, 틈새 / LED라이트 / 거치대 / 배터리잔량표시 / 셀프스탠딩 / 무게: 2.89kg / 색상:인디고블루 / 크기(가로x세로x깊이): 256x1097x155mm","348,090원"
35,혼스 차량 무선 진공 청소기 HSCC-8000,"차량용청소기 / 무선 / 흡입력: 8,000Pa / 최대출력: 150W / 헤파필터 / 추가노즐: 틈새, 솔브러쉬 / 색상 : 핑크, 브라운, 그레이, 화이트 / 크기 : 191x111x65mm / 무게 : 650g","57,270원"
36,다이슨 V11 플러피,"핸디/스틱청소기 / 핸디+스틱형 / 무선형 / 싸이클론 / 흡입력: 185AW / 먼지통용량: 0.54L / 충전시간: 4시간30분 / 사용시간: 1시간 / 거치대 / 도킹스테이션 / 디스플레이표시창 / 무게: 2.95kg / 색상:니켈레드 / 소비전력: 545W / 브러쉬: 소프트롤러클리너헤드, 콤비네이션툴, 크레비스툴, 미니모터툴, 소프트더스팅브러쉬, 매트리스툴, 연장호스 / 크기(가로x세로x깊이): 261x1280x250mm","746,110원"
37,다이슨 옴니 글라이드 컴플리트+,"핸디/스틱청소기 / 핸디+스틱형 / 무선형 / 싸이클론 / 5단계여과 / 흡입력: 50AW / 먼지통용량: 0.2L / 충전시간: 3시간30분 / 사용시간: 20분 / 배터리: 리튬이온 / 거치대 / 도킹스테이션 / 무게: 1.9kg / 색상:퍼플 / 브러쉬: 전방향플러피클리너헤드, 콤비네이션크레비스툴, 미니모터헤드툴, 라이트파이프크레비스툴, 서페이스툴 / 크기(가로x세로x깊이): 208x1077x92mm","574,420원"
38,DIBEA DW200,"핸디/스틱청소기 / 핸디+스틱형 / 무선형 / 전압: 22.2V / 싸이클론 / 4단계여과 / 흡입력: 10000Pa / 먼지통용량: 0.5L / 충전시간: 4~5시간 / 사용시간: 35분 / 배터리: 리튬이온 / 용량: 2200mAh / 브러쉬: 바닥, 솔형, 틈새, 연장관 / 무게: 2kg / 색상:화이트 / 소비전력: 150W / 100V / 변환어댑터: 필요 / 크기(가로x세로x깊이): 210x1040x104mm","66,340원"
39,기펠 ZET-10,"핸디/스틱청소기 / 핸디+스틱형 / 무선형 / BLDC모터 / 브러쉬: 바닥, 솔형, 틈새 / LED라이트 / 거치대 / 무게: 2.5kg / 색상:실버 / 소비전력: 200W / 크기(가로x세로x깊이): 250x1045x240mm","459,580원"
40,샤오미 SWDK-D260,물걸레청소기 / 스틱형 / 왕복식 / 무선형 / 전압: 12.6V / 충전시간: 3시간 / 사용시간: 50분 / 배터리: 리튬이온 / 용량: 2000mAh / 물분사 / LED라이트 / 프리볼트 / 무게: 2.4kg / 색상:화이트 / 110V / 변환어댑터: 필요,"103,540원"
41,샤오미 SHUNZAO Z11,"핸디/스틱청소기 / 핸디+스틱형 / 무선형 / 전압: 25.2V / 헤파필터 / 싸이클론 / 5단계여과 / 흡입력: 150AW / 흡입력: 26000Pa / 먼지통용량: 0.5L / 충전시간: 3시간 / 사용시간: 1시간 / 배터리: 리튬이온 / 용량: 2500mAh / 브러쉬: 바닥, 솔형, 틈새, 침구, 연장관 / 거치대 / 디스플레이표시창 / 배터리잔량표시 / 색상:화이트","155,000원"
42,경성오토비스 KAC-7000,물걸레청소기 / 스틱형 / 왕복식 / 무선형 / 전압: 10.86V / 충전시간: 3시간 / 사용시간: 80분 / 배터리: 리튬이온 / 용량: 2050mAh / 각도조절 / 풋터치버튼 / 무게: 3.1kg / 소비전력: 30W / 색상:화이트 / 패드: 극세사(벨크로형)  / 크기(가로x세로x깊이): 270x1180x270mm,"126,700원"
43,일렉트로룩스 에르고라피도 프로 플러스 ZB3113AK,"핸디/스틱청소기 / 핸디+스틱형 / 무선형 / 전압: 18V / 싸이클론 / 3단계여과 / 충전시간: 4시간 / 사용시간: 45분 / 배터리: 리튬이온 / LED라이트 / 배터리잔량표시 / 브러쉬자동청소 / 셀프스탠딩 / 무게: 2.6kg / 색상:텅스텐 / 브러쉬: 소파용, 연장호스, 긴틈새, 미니침구 / 크기(가로x세로x깊이): 263x1070x150mm","256,230원"
44,다이슨 V11 플러피 엑스트라,"핸디/스틱청소기 / 핸디+스틱형 / 무선형 / 싸이클론 / 6단계여과 / 흡입력: 220AW / 먼지통용량: 0.54L / 충전시간: 4시간30분 / 사용시간: 1시간 / 거치대 / 도킹스테이션 / 디스플레이표시창 / 무게: 2.97kg / 브러쉬: 소프트롤러클리너헤드, 콤비네이션툴, 크레비스툴, 미니모터툴, 퀵릴리즈미니소프트더스팅브러쉬, 매트리스툴 / 크기(가로x세로x깊이): 261x1261x250mm","878,610원"
45,삼성전자 제트 VS15T7037S1,"핸디/스틱청소기 / 핸디+스틱형 / 무선형 / 전압: 21.6V / 헤파필터 / 싸이클론 / 5단계여과 / 인버터모터 / 흡입력: 150W / 먼지통용량: 0.5L / 충전시간: 3시간30분 / 사용시간: 40분 / 배터리: 리튬이온 / 브러쉬: 바닥, 솔형, 틈새, 물걸레, 연장관 / 거치대 / 디스플레이표시창 / 프리볼트 / 무게: 2.54kg / 색상:틸민트 / 소비전력: 410W / 알레르기인증(BAF) / 미세먼지인증(SLG) / 크기(가로x세로x깊이): 250x1123x215mm","449,990원"
46,일렉트로룩스 퓨어 Q9 PQ91-3OB,"핸디/스틱청소기 / 핸디+스틱형 / 무선형 / 전압: 25.2V / 싸이클론 / 5단계여과 / 먼지통용량: 0.3L / 충전시간: 4시간 / 사용시간: 55분 / 배터리: 리튬이온 / LED라이트 / 거치대 / 브러쉬자동청소 / 셀프스탠딩 / 무게: 2.75kg / 색상:인디고블루 / 브러쉬: 바닥, 틈새, 더스팅, 사선 / 크기(가로x세로x깊이): 256x1100x130mm","313,360원"
47,DIBEA 에이스 맥스,"핸디/스틱청소기 / 핸디+스틱형 / 무선형 / 전압: 22.2V / 헤파필터 / H13급 / 싸이클론 / 4단계여과 / 흡입력: 19000Pa / 먼지통용량: 0.55L / 충전시간: 4~5시간 / 사용시간: 30분 / 배터리: 리튬이온 / 용량: 2200mAh / 브러쉬: 바닥, 솔형, 틈새, 연장관 / 거치대 / 무게: 2.3kg / 소비전력: 250W / 크기(가로x세로x깊이): 240x1040x211mm","133,670원"
48,LG전자 코드제로 A9S A9370,"핸디/스틱청소기 / 핸디+스틱형 / 무선형 / 헤파필터 / 2중터보싸이클론 / 5단계여과 / 인버터모터 / 충전시간: 4시간 / 사용시간: 1시간 / 배터리: 리튬이온 / 브러쉬: 바닥, 솔형, 틈새, 물걸레 / 거치대 / 디스플레이표시창 / 배터리잔량표시 / WiFi / 색상:아이언그레이 / 소비전력: 590W / 미세먼지인증(SLG) / 3단계물분사조절 / 크기(가로x세로x깊이): 250x1120x260mm","762,720원"
49,마끼다 DCL180Z,핸디/스틱청소기 / 핸디+스틱형 / 무선형 / 사용시간: 20분 / 무게: 1.2kg / 색상:블루,"36,170원"
50,LG전자 코드제로 A9 A938,"핸디/스틱청소기 / 핸디+스틱형 / 무선형 / 헤파필터 / 2중터보싸이클론 / 5단계여과 / 인버터모터 / 흡입력: 140W / 충전시간: 3시간30분 / 사용시간: 40분 / 배터리: 리튬이온 / 브러쉬: 바닥, 솔형, 틈새, 매트리스 / 거치대 / 무게: 2.7kg / 색상:판타지실버 / 소비전력: 450W / 크기(가로x세로x깊이): 260x1120x270mm","660,000원"
51,샤오미 SHUNZAO Z11 PRO,"핸디/스틱청소기 / 핸디+스틱형 / 무선형 / 전압: 25.2V / 헤파필터 / 싸이클론 / 5단계여과 / 인버터모터 / 흡입력: 150AW / 흡입력: 26000Pa / 먼지통용량: 0.5L / 충전시간: 3시간 / 사용시간: 1시간 / 용량: 2500mAh / 브러쉬: 바닥, 솔형, 틈새, 침구, 연장관 / 거치대 / 디스플레이표시창 / 배터리잔량표시 / 색상:화이트, 레드","208,910원"
52,일렉트로룩스 ZB3301,"핸디/스틱청소기 / 핸디+스틱형 / 무선형 / 전압: 14.4V / 4단계여과 / 충전시간: 4시간 / 사용시간: 42분 / 배터리: 리튬이온 / LED라이트 / 거치대 / 배터리잔량표시 / 브러쉬자동청소 / 셀프스탠딩 / 무게: 2.88kg / 색상:아이언그레이 / 알레르기인증(BAF) / 브러쉬: 미니침구, 소파용, 긴틈새, 솔틈새, 연장호스 / 크기(가로x세로x깊이): 303x690x162mm","132,710원"
53,샤오미 드리미 V10P,"핸디/스틱청소기 / 핸디+스틱형 / 무선형 / 전압: 25.2V / 헤파필터 / 싸이클론 / 5단계여과 / BLDC모터 / 흡입력: 140AW / 흡입력: 22000Pa / 먼지통용량: 0.5L / 충전시간: 3시간30분 / 사용시간: 1시간 / 배터리: 리튬이온 / 용량: 2500mAh / 브러쉬: 바닥, 솔형, 틈새, 침구, 연장관 / 거치대 / 무게: 1.5kg / 색상:화이트 / 소비전력: 450W / 크기(가로x세로): 258x1226mm","242,050원"
54,원더스리빙 원더스 다이나킹 Z9,"핸디/스틱청소기 / 핸디+스틱형 / 무선형 / 전압: 28.8V / 헤파필터 / 듀얼싸이클론 / 6단계여과 / BLDC모터 / 흡입력: 160AW / 흡입력: 22000Pa / 먼지통용량: 0.7L / 충전시간: 4시간30분 / 사용시간: 1시간5분 / 배터리: 리튬이온 / 용량: 2500mAh / 거치대 / 배터리잔량표시 / 셀프스탠딩 / 프리볼트 / 무게: 2.5kg / 소비전력: 450W / 브러쉬: 바닥, 펫, 멀티, 틈새, 솔형, 침구, 연장호스, 플렉스연장관 / 크기(가로x세로x깊이): 250x1096x198mm","249,000원"
55,삼성전자 제트 VS20T9278S3CS,"핸디/스틱청소기 / 핸디+스틱형 / 무선형 / 전압: 21.9V / 헤파필터 / 싸이클론 / 5단계여과 / 인버터모터 / 흡입력: 200W / 먼지통용량: 0.5L / 충전시간: 3시간30분 / 사용시간: 2시간 / 배터리: 리튬이온 (2개) / 브러쉬: 바닥, 솔형, 틈새, 침구, 물걸레, 연장관 / 거치대 / 디스플레이표시창 / 프리볼트 / 색상:티탄실버 / 소비전력: 550W / 미세먼지인증(SLG) / 크기(가로x세로x깊이): 250x1136x215mm / [VCA-SAE90A] 청정스테이션 / 색상: 블랙 / 크기(가로x세로x깊이): 185x600x180mm","836,750원"
56,삼성전자 제트 VS20R9044SB,"핸디/스틱청소기 / 핸디+스틱형 / 무선형 / 전압: 21.9V / 헤파필터 / 싸이클론 / 5단계여과 / 인버터모터 / 흡입력: 200W / 먼지통용량: 0.5L / 충전시간: 3시간30분 / 사용시간: 60분 / 배터리: 리튬이온 / 브러쉬: 바닥, 솔형, 틈새, 침구, 연장관 / 거치대 / 디스플레이표시창 / 프리볼트 / 무게: 2.7kg / 색상:아쿠아모노크롬 / 소비전력: 550W / 알레르기인증(BAF) / 미세먼지인증(SLG) / 크기(가로x세로x깊이): 250x1136x215mm","535,490원"
57,ABKO 오엘라 네오스핀 OBC-AW09WH,"욕실청소기 / 스틱형 / 무선형 / 전압: 3.7V / 충전시간: 4~5시간 / 사용시간: 50분 / 배터리: 리튬이온 / 용량: 1950mAh / 무게: 0.86kg / 소비전력: 8W / 생활방수 / 브러쉬: 원형, 평면, 틈새","64,490원"
58,샤오미 SWDK KC101,"침구청소기 / 핸디형 / 무선형 / 전압: 21.6V / 3단계여과 / 흡입력: 6000Pa / 충전시간: 2시간30분 / 사용시간: 25분 / 용량: 2200mAh / 청소모드: UV살균, 진동, 흡입 / 진동수: 8000회(분당) / 헤파필터 / 거치대 / 무게: 1.3kg / 크기(가로x세로): 270x324mm","56,060원"
59,카렉스 파워스톰 미니 무선청소기,"차량용청소기 / 무선 / 흡입력: 12,000Pa / 2중필터 / 헤파필터 / 추가노즐: 틈새, 솔브러쉬 / 사용시간: 17분 / 충전방식: 시거잭, 220V / BLCD모터 / 충전시간: 5시간30분 / 크기: 93x439mm / 무게: 505g","80,600원"
60,리하스 차량용 미니 무선 청소기 TEB-4120,"차량용청소기 / 무선 / 흡입력: 15,000Pa / 최대출력: 120W / 헤파필터 / 스테인리스 필터 / 추가노즐: 틈새, 솔브러쉬, 연장호스 / 사용시간: 15~28분 / 충전시간: 4~5시간 / 색상: 블랙, 스카이블루, 화이트 / 크기: 415mm / 무게: 520g","89,000원"
61,일렉트로룩스 WELL Q7 WQ71-2BSWF,"핸디/스틱청소기 / 핸디+스틱형 / 무선형 / 전압: 21.6V / 싸이클론 / 5단계여과 / 먼지통용량: 0.3L / 충전시간: 4시간30분 / 사용시간: 50분 / 배터리: 리튬이온 / 브러쉬: 바닥, 솔형, 틈새, 침구 / LED라이트 / 거치대 / 배터리잔량표시 / 셀프스탠딩 / 무게: 2.8kg / 색상:사틴화이트 / 크기(가로x세로x깊이): 386x692x146mm","387,760원"
62,삼성전자 제트 VS20T9278S3,"핸디/스틱청소기 / 핸디+스틱형 / 무선형 / 전압: 21.9V / 헤파필터 / 싸이클론 / 5단계여과 / 인버터모터 / 흡입력: 200W / 먼지통용량: 0.5L / 충전시간: 3시간30분 / 사용시간: 2시간 / 배터리: 리튬이온 (2개) / 브러쉬: 바닥, 솔형, 틈새, 침구, 물걸레, 연장관 / 거치대 / 디스플레이표시창 / 프리볼트 / 색상:티탄실버 / 소비전력: 550W / 미세먼지인증(SLG) / 크기(가로x세로x깊이): 250x1136x215mm","822,120원"
63,삼성전자 VC-H22,핸디/스틱청소기 / 핸디형 / 무선형 / 충전시간: 8시간 / 사용시간: 10분 / 배터리: 니켈수소 / 무게: 0.76kg / 소비전력: 48W / 크기(가로x세로x깊이): 103x317x174mm,"30,330원"
64,한샘 HSBC-6000W,"욕실청소기 / 핸디형 / 무선형 / 충전시간: 4시간 / 사용시간: 1시간40분 / 용량: 2000mAh / 프리볼트 / 색상:화이트 / 소비전력: 30W / 완전방수 / 브러쉬: 평면, 틈새, 스크럽","56,890원"
65,삼성전자 제트 VS20R9043SA,"핸디/스틱청소기 / 핸디+스틱형 / 무선형 / 전압: 21.9V / 헤파필터 / 싸이클론 / 5단계여과 / 인버터모터 / 흡입력: 200W / 먼지통용량: 0.5L / 충전시간: 3시간30분 / 사용시간: 60분 / 배터리: 리튬이온 / 브러쉬: 바닥, 솔형, 틈새, 연장관 / 거치대 / 디스플레이표시창 / 프리볼트 / 무게: 2.7kg / 색상:실버핑크 / 소비전력: 550W / 알레르기인증(BAF) / 미세먼지인증(SLG) / 크기(가로x세로x깊이): 250x1136x215mm","568,820원"
66,JDL tech 타이푼 DV-889DC-X,"핸디/스틱청소기 / 스틱형 / 무선형 / 전압: 22.2V / 헤파필터 / H13급 / 싸이클론 / 3단계여과 / BLDC모터 / 흡입력: 20000Pa / 먼지통용량: 0.8L / 충전시간: 6시간 / 사용시간: 50분 / 배터리: 리튬이온 / 용량: 2200mAh / 브러쉬: 바닥, 틈새 / 거치대 / 배터리잔량표시 / 무게: 1.3kg / 색상:골드, 레드, 블루 / 소비전력: 150W","119,190원"
67,보쉬 GAS18V-1,"핸디/스틱청소기 / 핸디+스틱형 / 무선형 / 전압: 18V / 싸이클론에어 / 2단계여과 / 사용시간: 42분 / 브러쉬: 바닥, 틈새, 연장관 / 무게: 1.3kg / 색상:블랙","67,630원"
68,일렉트로룩스 WELL Q6 WQ61-1OGG,"핸디/스틱청소기 / 핸디+스틱형 / 무선형 / 전압: 18V / 싸이클론 / 5단계여과 / 먼지통용량: 0.3L / 충전시간: 4시간30분 / 사용시간: 45분 / 배터리: 리튬이온 / 브러쉬: 바닥, 솔형, 틈새 / LED라이트 / 거치대 / 배터리잔량표시 / 브러쉬자동청소 / 셀프스탠딩 / 무게: 2.65kg / 색상:그라나이트그레이 / 크기(가로x세로x깊이): 386x692x146mm","192,640원"
69,DIBEA M500 프로,"핸디/스틱청소기 / 핸디+스틱형 / 무선형 / 헤파필터 / H13급 / 싸이클론 / 흡입력: 22000Pa / 먼지통용량: 0.5L / 충전시간: 4시간 / 사용시간: 30분 / 배터리: 리튬이온 / 용량: 2200mAh / 브러쉬: 바닥, 솔형, 틈새, 연장관 / 무게: 2.2kg / 소비전력: 250W / 크기(가로x세로x깊이): 260x1140x214mm","179,000원"
70,LG전자 코드제로 터보2.0 S87GMW,"핸디/스틱청소기 / 핸디+스틱형 / 무선형 / 헤파필터 / 5단계여과 / 인버터모터 / 충전시간: 4시간30분 / 사용시간: 20분 / 배터리: 리튬이온 / 브러쉬: 바닥, 솔형, 틈새 / LED라이트 / 물걸레 / 배터리잔량표시 / 무게: 2.9kg / 색상:메탈릭골드 / 크기(가로x세로x깊이): 190x1105x270mm","421,520원"
71,다이슨 V8 카본파이버,"핸디/스틱청소기 / 핸디+스틱형 / 무선형 / 트윈싸이클론 / 흡입력: 155W / 충전시간: 5시간 / 사용시간: 40분 / 배터리: 리튬이온 / 도킹스테이션 / 무게: 2.63kg / 소비전력: 485W / 브러쉬: 소프트롤러클리너헤드, 다이렉트드라이브헤드, 미니모토라이즈드툴, 업탑어댑터, 익스텐션호스, 미니소프트더스팅브러쉬툴, 콤비네이션툴, 크레비스툴, 매트리스툴, 플렉시크레비스툴 / 크기(가로x세로x깊이): 250x1244x210mm","499,000원"
72,오토싱 OTOCINC-700B,물걸레청소기 / 스틱형 / 회전식 / 무선형 / 전압: 14.48V / 사용시간: 40분 / 배터리: 리튬이온 / 무게: 3.2kg / 소비전력: 80W / 색상:화이트 / 패드: 극세사(벨크로형) / 크기(가로x세로x깊이): 410x1190x220mm,"104,680원"
73,삼성전자 제트 VS20T9279S6CS,"핸디/스틱청소기 / 핸디+스틱형 / 무선형 / 전압: 21.9V / 헤파필터 / 싸이클론 / 5단계여과 / 인버터모터 / 흡입력: 200W / 먼지통용량: 0.5L / 충전시간: 3시간30분 / 사용시간: 2시간 / 배터리: 리튬이온 (2개) / 브러쉬: 바닥, 솔형, 틈새, 펫, 물걸레, 연장관 / 거치대 / 디스플레이표시창 / 프리볼트 / 색상:티탄블루 / 소비전력: 550W / 미세먼지인증(SLG) / 크기(가로x세로x깊이): 250x1136x215mm / [VCA-SAE90A] 청정스테이션 / 색상: 블랙 / 크기(가로x세로x깊이): 185x600x180mm","871,690원"
74,유니맥스 UVC-1685A,"핸디/스틱청소기 / 핸디+스틱형 / 유선형 / 싸이클론 / 브러쉬: 바닥, 틈새 / 무게: 2.1kg / 색상:블루 / 소비전력: 600W / 크기(가로x세로x깊이): 270x1300x270mm","28,560원"
75,삼성전자 제트 VS15R8544S4,"핸디/스틱청소기 / 핸디+스틱형 / 무선형 / 전압: 21.6V / 헤파필터 / 싸이클론 / 5단계여과 / 인버터모터 / 흡입력: 150W / 먼지통용량: 0.5L / 충전시간: 3시간30분 / 사용시간: 40분 / 배터리: 리튬이온 / 브러쉬: 바닥, 솔형, 틈새, 침구, 연장관 / 거치대 / 디스플레이표시창 / 프리볼트 / 무게: 2.57kg / 색상:틸바이올렛 / 소비전력: 410W / 크기(가로x세로x깊이): 250x1123x215mm","515,090원"
76,샤오미 COCLEAN 차량용 무선 청소기,"차량용청소기 / 무선 / 흡입력: 5,800Pa / 최대출력: 80W / 헤파필터 / 추가노즐: 틈새, 솔브러쉬 / LED라이트 / 사용시간: 15분 / 충전시간: 1시간30분 / 충전방식: 시거잭 / 크기: 298x70mm / 무게: 560g","39,760원"
77,경성오토비스 KAC-7100,물걸레청소기 / 스틱형 / 왕복식 / 무선형 / 전압: 10.86V / 충전시간: 3시간 / 사용시간: 1시간20분 / 배터리: 리튬이온 / 용량: 2050mAh / 각도조절 / 풋터치버튼 / 무게: 3.1kg / 소비전력: 30W / 색상:네이비 / 패드: 극세사(벨크로형)  / 크기(가로x세로x깊이): 270x1180x270mm,"125,930원"
78,LG전자 코드제로 A9 A978,"핸디/스틱청소기 / 핸디+스틱형 / 무선형 / 헤파필터 / 2중터보싸이클론 / 5단계여과 / 인버터모터 / 흡입력: 140W / 충전시간: 3시간30분 / 사용시간: 80분 / 배터리: 리튬이온 (2개) / 브러쉬: 바닥, 솔형, 틈새, 침구, 매트리스, 물걸레 / 거치대 / 물걸레 / 색상:아이언그레이 / 소비전력: 450W / 3단계물분사조절 / 크기(가로x세로x깊이): 260x1120x270mm","990,630원"
79,무궁화전자 바로바로 MC-B250,"핸디/스틱청소기 / 핸디+스틱형 / 무선형 / 전압: 10.8V / 흡입력: 60W / 충전시간: 8시간 / 사용시간: 20분 / 배터리: 니켈수소 / 브러쉬: 바닥, 틈새, 연장관 / 거치대 / 무게: 1.3kg / 크기(가로x세로x깊이): 144x387x136mm","38,190원"
80,삼성전자 제트 VS20R9078S3,"핸디/스틱청소기 / 핸디+스틱형 / 무선형 / 전압: 21.9V / 헤파필터 / 싸이클론 / 5단계여과 / 인버터모터 / 흡입력: 200W / 먼지통용량: 0.5L / 충전시간: 3시간30분 / 사용시간: 120분 / 배터리: 리튬이온 (2개) / 브러쉬: 바닥, 솔형, 틈새, 침구, 물걸레, 연장관 / 거치대 / 디스플레이표시창 / 물걸레 / 프리볼트 / 무게: 2.7kg / 색상:티탄+그레이 / 소비전력: 550W / 알레르기인증(BAF) / 미세먼지인증(SLG) / 크기(가로x세로x깊이): 250x1136x215mm","795,730원"
81,DIBEA M500 퀀텀,"핸디/스틱청소기 / 핸디+스틱형 / 무선형 / 전압: 29.6V / BLDC모터 / 흡입력: 25000Pa / 먼지통용량: 0.5L / 충전시간: 3시간 / 사용시간: 50분 / 배터리: 리튬이온 / 용량: 2000mAh / 브러쉬: 바닥, 솔형, 틈새, 물걸레, 연장관 / LED라이트 / 거치대 / 무게: 2.5kg / 색상:블랙 / 소비전력: 400W / 크기(가로x세로x깊이): 256x1172x217mm","239,000원"
82,삼성전자 제트 VS20T9258SDCS,"핸디/스틱청소기 / 핸디+스틱형 / 무선형 / 전압: 21.6V / 헤파필터 / 싸이클론 / 5단계여과 / 인버터모터 / 흡입력: 200W / 먼지통용량: 0.5L / 충전시간: 3시간30분 / 사용시간: 2시간 / 배터리: 리튬이온 (2개) / 브러쉬: 바닥, 솔형, 틈새, 침구, 물걸레, 연장관 / 거치대 / 디스플레이표시창 / 프리볼트 / 무게: 2.64kg / 색상:티탄그레이 / 소비전력: 550W / 알레르기인증(BAF) / 미세먼지인증(SLG) / 크기(가로x세로x깊이): 250x1123x215mm / [VCA-SAE90A] 청정스테이션 / 색상: 블랙 / 크기(가로x세로x깊이): 185x600x180mm","919,000원"
83,삼성전자 제트 VS15R8577S5,"핸디/스틱청소기 / 핸디+스틱형 / 무선형 / 전압: 21.6V / 헤파필터 / 싸이클론 / 5단계여과 / 인버터모터 / 흡입력: 150W / 먼지통용량: 0.5L / 충전시간: 3시간30분 / 사용시간: 1시간20분 / 배터리: 리튬이온 (2개) / 브러쉬: 바닥, 솔형, 틈새, 물걸레 / 거치대 / 디스플레이표시창 / 프리볼트 / 무게: 2.57kg / 색상:틸실버 / 소비전력: 410W / 알레르기인증(BAF) / 미세먼지인증(SLG) / 크기(가로x세로x깊이): 250x1123x215mm","649,000원"
84,다이슨 V10 앱솔루트 플러스,"핸디/스틱청소기 / 핸디+스틱형 / 무선형 / 전압: 25.2V / 싸이클론 / 충전시간: 3시간30분 / 사용시간: 60분 / 배터리: 리튬이온 / 도킹스테이션 / 무게: 2.5kg / 소비전력: 525W / 브러쉬: 소프트롤러클리너헤드, 다이렉트드라이브헤드, 미니모토라이즈드툴, 콤비네이션툴, 크레비스툴, 플렉시크레비스툴, 미니소프트더스팅브러쉬툴, 익스텐션호스 / 크기(가로x세로x깊이): 250x1241x256mm","809,550원"
85,삼성전자 파워스틱 VS60M6010KG,핸디/스틱청소기 / 핸디+스틱형 / 무선형 / 충전시간: 5시간 / 사용시간: 40분 / 배터리: 리튬이온 / 브러쉬: 솔형 / 셀프스탠딩 / 무게: 2.7kg / 색상:내추럴그레이 / 소비전력: 120W / 크기(가로x세로x깊이): 260x1100x165mm,"138,200원"
86,LG전자 코드제로 A9 A958,"핸디/스틱청소기 / 핸디+스틱형 / 무선형 / 헤파필터 / 2중터보싸이클론 / 5단계여과 / 인버터모터 / 흡입력: 140W / 충전시간: 3시간30분 / 사용시간: 80분 / 배터리: 리튬이온 (2개) / 브러쉬: 바닥, 솔형, 틈새, 침구, 매트리스 / 거치대 / 무게: 2.7kg / 색상:판타지실버 / 소비전력: 450W / 크기(가로x세로x깊이): 260x1120x270mm","951,200원"
87,삼성전자 제트 VS20T9278S7,"핸디/스틱청소기 / 핸디+스틱형 / 무선형 / 전압: 21.9V / 헤파필터 / 싸이클론 / 5단계여과 / 인버터모터 / 흡입력: 200W / 먼지통용량: 0.5L / 충전시간: 3시간30분 / 사용시간: 2시간 / 배터리: 리튬이온 (2개) / 브러쉬: 바닥, 솔형, 틈새, 침구, 물걸레, 연장관 / 거치대 / 디스플레이표시창 / 프리볼트 / 색상:티탄골드 / 소비전력: 550W / 미세먼지인증(SLG) / 크기(가로x세로x깊이): 250x1136x215mm","876,960원"
88,보쉬 GAS18V-10L,업소용청소기 / 건습식 / 무선형 / 전압: 18V / 헤파필터 / 싸이클론에어 / 먼지통 / 탱크용량: 10L / 연장관 / 색상:네이비 / 브러쉬: 칼형 / 사용시간: 24분,"95,360원"
89,한경희생활과학 아쿠아젯 AM-5600BM,물걸레청소기 / 스틱형 / 회전식 / 무선형 / 전압: 14.6V / 충전시간: 3시간 / 사용시간: 30분 / 배터리: 리튬이온 / 용량: 2150mAh / 물분사 / 무게: 3.4kg / 색상:블랙 / 스위블기능 / 패드: 극세사(벨크로형) / 크기(가로x세로x깊이): 450x1230x250mm,"169,000원"
90,인트비즈 모런 싸이클론 차량용 무선 청소기 V2,"차량용청소기 / 무선 / 12V / 흡입력: 5,500Pa / 최대출력: 120W / 3중필터 / 헤파필터 / 추가노즐: 틈새, 솔브러쉬, 연장호스 / 싸이클론 / LED라이트 / 사용시간: 25분 / 코드길이: 4.5m / 충전시간: 3시간 / 충전방식: 시거잭, 220V / 크기: 360x110x180mm","69,000원"
91,다이슨 V10 모터헤드,"핸디/스틱청소기 / 핸디+스틱형 / 무선형 / 싸이클론 / 충전시간: 3시간30분 / 사용시간: 60분 / 도킹스테이션 / 무게: 2.5kg / 브러쉬: 다이렉트드라이브클리너헤드, 콤비네이션툴, 크레비스노즐","569,800원"
92,LG전자 코드제로 S86,"핸디/스틱청소기 / 핸디+스틱형 / 무선형 / 인버터모터 / 충전시간: 4시간30분 / 사용시간: 40분(강), 70분(약) / 배터리: 리튬이온 / 브러쉬: 바닥, 솔형, 틈새 / LED라이트 / 배터리잔량표시 / 무게: 2.8kg / 색상:샤이니레드 / 소비전력: 90W / 크기(가로x세로x깊이): 190x1105x270mm","957,490원"
93,삼성전자 제트 VS20R9048SB,"핸디/스틱청소기 / 핸디+스틱형 / 무선형 / 전압: 21.9V / 헤파필터 / 싸이클론 / 5단계여과 / 인버터모터 / 흡입력: 200W / 먼지통용량: 0.5L / 충전시간: 3시간30분 / 사용시간: 1시간 / 배터리: 리튬이온 / 브러쉬: 바닥, 솔형, 틈새, 침구, 물걸레, 연장관 / 거치대 / 디스플레이표시창 / 프리볼트 / 무게: 2.7kg / 색상:실버블루 / 소비전력: 550W / 알레르기인증(BAF) / 미세먼지인증(SLG) / 크기(가로x세로x깊이): 250x1136x215mm","652,730원"
94,삼성전자 제트 VS20T9257SDCS,"핸디/스틱청소기 / 핸디+스틱형 / 무선형 / 전압: 21.6V / 헤파필터 / 싸이클론 / 5단계여과 / 인버터모터 / 흡입력: 200W / 먼지통용량: 0.5L / 충전시간: 3시간30분 / 사용시간: 2시간 / 배터리: 리튬이온 (2개) / 브러쉬: 바닥, 솔형, 틈새, 물걸레, 연장관 / 거치대 / 디스플레이표시창 / 프리볼트 / 무게: 2.64kg / 색상:티탄그레이 / 소비전력: 550W / 알레르기인증(BAF) / 미세먼지인증(SLG) / 크기(가로x세로x깊이): 250x1123x215mm / [VCA-SAE90A] 청정스테이션 / 색상: 블랙 / 크기(가로x세로x깊이): 185x600x180mm","760,030원"
95,아이룸 AST-009,"핸디/스틱청소기 / 핸디+스틱형 / 무선형 / 전압: 22.2V / 헤파필터 / 싸이클론 / 흡입력: 7000Pa / 충전시간: 4시간 / 사용시간: 40분 / 배터리: 리튬이온 / 용량: 2200mAh / 브러쉬: 바닥, 솔형, 틈새, 연장관 / 거치대 / 배터리잔량표시 / 무게: 2.8kg / 소비전력: 120W","118,000원"
96,일렉트로룩스 에르고라피도 플러스 ZB3105AK,"핸디/스틱청소기 / 핸디+스틱형 / 무선형 / 전압: 14.4V / 싸이클론 / 3단계여과 / 충전시간: 4시간 / 사용시간: 30분 / 배터리: 리튬이온 / LED라이트 / 거치대 / 배터리잔량표시 / 브러쉬자동청소 / 셀프스탠딩 / 무게: 2.5kg / 색상:브론즈 / 브러쉬: 소파용, 연장호스, 긴틈새, 미니침구 / 크기(가로x세로x깊이): 263x1070x150mm","298,990원"
97,LG전자 코드제로 A9 A940,핸디/스틱청소기 / 핸디+스틱형 / 무선형 / 헤파필터 / 2중터보싸이클론 / 5단계여과 / 인버터모터 / 흡입력: 140W / 충전시간: 3시간30분 / 사용시간: 80분 / 배터리: 리튬이온 (2개) / 브러쉬: 바닥 / 거치대 / 무게: 2.7kg / 색상:보헤미안레드 / 소비전력: 450W / 크기(가로x세로x깊이): 260x1120x270mm,"999,990원"
98,DIBEA NEW F7,"핸디/스틱청소기 / 핸디+스틱형 / 무선형 / 전압: 22.2V / 헤파필터 / H13급 / 싸이클론 / 먼지통용량: 0.5L / 충전시간: 4~6시간 / 사용시간: 35분 / 배터리: 리튬이온 / 브러쉬: 바닥, 카펫, 틈새, 연장관 / 거치대 / 배터리잔량표시 / 무게: 2.11kg / 소비전력: 250W / 흡입력: 18000Pa","167,700원"
99,삼성전자 제트 VS20R9044SC,"핸디/스틱청소기 / 핸디+스틱형 / 무선형 / 전압: 21.9V / 헤파필터 / 싸이클론 / 5단계여과 / 인버터모터 / 흡입력: 200W / 먼지통용량: 0.5L / 충전시간: 3시간30분 / 사용시간: 60분 / 배터리: 리튬이온 / 브러쉬: 바닥, 솔형, 틈새, 침구, 연장관 / 거치대 / 디스플레이표시창 / 프리볼트 / 무게: 2.7kg / 색상:티탄모노크롬 / 소비전력: 550W / 알레르기인증(BAF) / 미세먼지인증(SLG) / 크기(가로x세로x깊이): 250x1136x215mm","587,830원"
100,일렉트로룩스 울트라파워 ZB5022,핸디/스틱청소기 / 스틱형 / 무선형 / 전압: 25.2V / 싸이클론 / 충전시간: 4시간 / 사용시간: 60분 / 배터리: 리튬이온 / LED라이트 / 거치대 / 배터리잔량표시 / 브러쉬자동청소 / 셀프스탠딩 / 무게: 3kg / 색상:텅스텐 / 크기(가로x세로x깊이): 260x1100x160mm,"600,000원"
101,다이슨 V7 플러피 플러스,"핸디/스틱청소기 / 핸디+스틱형 / 무선형 / 전압: 21.6V / 트윈싸이클론 / 흡입력: 100AW / 충전시간: 3시간30분 / 사용시간: 30분 / 배터리: 리튬이온 / 도킹스테이션 / 무게: 2.32kg / 소비전력: 350W / 브러쉬: 소프트롤러클리너헤드, 미니모토라이즈드툴, 콤비네이션툴, 크레비스툴, 플렉시크레비스툴 / 크기(가로x세로x깊이): 250x1243x210mm","484,330원"
102,유행코리아 더쎈 유무선 청소기,"차량용청소기 / 유무선 / 12V / 흡입력: 4,800Pa / 최대출력: 120W / 추가노즐: 틈새, 솔브러쉬, 연장호스 / 사용시간: 25분 / 충전방식: 시거잭, 220V / 충전시간: 3~4시간 / 크기: 260x200x80mm / 무게: 880g","66,830원"
103,다이슨 V8 앱솔루트,"핸디/스틱청소기 / 핸디+스틱형 / 무선형 / 헤파필터 / 싸이클론 / 흡입력: 155AW / 충전시간: 5시간 / 사용시간: 40분 / 도킹스테이션 / 프리볼트 / 무게: 2.61kg / 소비전력: 485W / 110V / 변환어댑터: 필요 / 브러쉬: 소프트롤러클리너헤드, 다이렉트드라이브클리너헤드, 미니모토라이즈드툴, 콤비네이션툴, 솔트더스팅브러쉬, 크레비스노즐 / 크기(가로x세로x깊이): 250x1244x224mm","585,130원"
104,경성오토비스 KAC-5500,"물걸레청소기 / 스틱형 / 왕복식 / 무선형 / 전압: 14.8V / 충전시간: 3시간 / 사용시간: 60분 / 용량: 2000mAh / 가구손상방지 / 셀프스탠딩 / 풋터치버튼 / 무게: 3.1kg / 소비전력: 30W / 색상:화이트, 그린, 오렌지 / 패드: 극세사(벨크로형) / 크기(가로x세로x깊이): 270x1180x270mm","129,500원"
105,퍼피유 T12R,"핸디/스틱청소기 / 핸디+스틱형 / 무선형 / 헤파필터 / H13급 / 싸이클론 / 6단계여과 / BLDC모터 / 흡입력: 200AW / 흡입력: 29000Pa / 먼지통용량: 0.42L / 충전시간: 3시간30분 / 사용시간: 1시간 / 배터리: 리튬이온 / 용량: 2500mAh / 브러쉬: 바닥, 솔형, 틈새, 침구, 연장관 / LED라이트 / 거치대 / 먼지감지센서 / 배터리잔량표시 / 무게: 1.6kg / 색상:실버 / 소비전력: 535W / 크기(가로x세로x깊이): 278x1248x225mm","361,900원"
106,서주글로벌 더존 무선 핸디 자동차 청소기 DK-X111,"차량용청소기 / 무선 / 흡입력: 4,800Pa / 헤파필터 / 추가노즐: 솔브러쉬, 연장호스 / 사용시간: 20분 / 크기: 335x167x83mm / 무게: 560g","38,210원"
107,롯데 L-277,"핸디/스틱청소기 / 핸디+스틱형 / 무선형 / 전압: 22.2V / 헤파필터 / H13급 / 싸이클론 / 흡입력: 160W / 먼지통용량: 0.8L / 충전시간: 4시간30분 / 사용시간: 30분 / 배터리: 리튬이온 / 용량: 2150mAh / 브러쉬: 바닥, 솔형, 틈새, 연장관 / LED라이트 / 거치대 / 프리볼트 / 무게: 3.7kg / 소비전력: 160W / 크기(가로x세로x깊이): 220x1150x250mm","219,000원"
108,샤오미 로이드미 제로,"핸디/스틱청소기 / 핸디+스틱형 / 무선형 / 헤파필터 / H12급 / 싸이클론 / BLDC모터 / 흡입력: 120AW / 흡입력: 22000Pa / 먼지통용량: 0.65L / 충전시간: 3시간 / 사용시간: 1시간 / 용량: 2500mAh / 브러쉬: 바닥, 솔형, 틈새, 침구, 연장관 / 거치대 / 프리볼트 / 무게: 1.55kg / 색상:라벤더 / 소비전력: 335W / 크기(가로x세로): 221x1191mm","221,030원"
109,다이슨 V8 앱솔루트 엑스트라,"핸디/스틱청소기 / 핸디+스틱형 / 무선형 / 전압: 21.6V / 트윈싸이클론 / 흡입력: 155AW / 충전시간: 5시간 / 사용시간: 40분 / 배터리: 리튬이온 / 도킹스테이션 / 무게: 2.63kg / 소비전력: 485W / 브러쉬: 소프트롤러클리너헤드, 다이렉트드라이브헤드, 미니모토라이즈드툴, 콤비네이션툴, 크레비스툴, 스토번더스트브러시툴 / 크기(가로x세로x깊이): 250x1244x210mm","717,970원"
110,샤오미 CLEANFLY 차량용 무선 청소기 (해외구매),"차량용청소기 / 무선 / 흡입력: 5,000Pa / 최대출력: 80W / 헤파필터 / 추가노즐: 틈새, 솔브러쉬 / LED라이트 / 사용시간: 13분 / 충전방식: 시거잭 / 충전시간: 1시간30분 / 크기: 298x70mm / 무게: 560g","27,360원"
111,삼성전자 뉴파워건 130,"핸디/스틱청소기 / 핸디+스틱형 / 무선형 / 전압: 32.4V / 헤파필터 / 싸이클론 / 5단계여과 / 인버터모터 / 흡입력: 130W / 충전시간: 4시간30분 / 사용시간: 40분 / 배터리: 리튬이온 / 브러쉬: 바닥, 솔형, 틈새 / 무게: 2.95kg / 색상:에어본블랙 / 소비전력: 400W / 플렉스핸들 / 크기(가로x세로x깊이): 252x1110x315mm","471,840원"
112,삼성전자 제트 VS19R1004BF,"핸디/스틱청소기 / 핸디+스틱형 / 무선형 / 전압: 21.6V / 헤파필터 / 싸이클론 / 5단계여과 / 인버터모터 / 흡입력: 150W / 먼지통용량: 0.5L / 충전시간: 3시간30분 / 사용시간: 40분 / 배터리: 리튬이온 / 브러쉬: 바닥, 솔형, 틈새 / 거치대 / 디스플레이표시창 / 프리볼트 / 무게: 2.6kg / 색상:민트 / 소비전력: 410W / 알레르기인증(BAF) / 미세먼지인증(SLG) / 크기(가로x세로x깊이): 250x1123x215mm","800,000원"
113,삼성전자 뉴파워건 150,"핸디/스틱청소기 / 핸디+스틱형 / 무선형 / 전압: 32.4V / 헤파필터 / 싸이클론 / 5단계여과 / 인버터모터 / 흡입력: 150W / 충전시간: 4시간30분 / 사용시간: 40분 / 배터리: 리튬이온 / 무게: 2.95kg / 색상:에어본블랙 / 소비전력: 450W / 알레르기인증(BAF) / 미세먼지인증(SLG) / 플렉스핸들 / 브러쉬: 듀얼액션, 소프트액션, 솔형, 틈새, 침구 / 크기(가로x세로x깊이): 252x1110x315mm","486,000원"
114,테팔 에어포스360 에센셜,"핸디/스틱청소기 / 핸디+스틱형 / 무선형 / 전압: 21.9V / 에어포스싸이클론 / 먼지통용량: 0.4L / 충전시간: 3시간 / 사용시간: 28분 / 배터리: 리튬이온 / 브러쉬: 바닥, 솔형 / LED라이트 / 거치대 / 무게: 2.8kg / 색상:핑크","289,000원"
115,삼성전자 제트 VS20R9078S3CS,"핸디/스틱청소기 / 핸디+스틱형 / 무선형 / 전압: 21.9V / 헤파필터 / 싸이클론 / 5단계여과 / 인버터모터 / 흡입력: 200W / 먼지통용량: 0.5L / 충전시간: 3시간30분 / 사용시간: 120분 / 배터리: 리튬이온 (2개) / 브러쉬: 바닥, 솔형, 틈새, 침구, 물걸레, 연장관 / 거치대 / 디스플레이표시창 / 프리볼트 / 무게: 2.7kg / 색상:티탄+그레이 / 소비전력: 550W / 알레르기인증(BAF) / 미세먼지인증(SLG) / 크기(가로x세로x깊이): 250x1136x215mm / [VCA-SAE90A] 청정스테이션 / 색상: 블랙 / 크기(가로x세로x깊이): 185x600x180mm","919,000원"
116,샤오미 디어마 VC01,"핸디/스틱청소기 / 스틱형 / 무선형 / 전압: 14.4V / 헤파필터 / H13급 / 흡입력: 10000Pa / 먼지통용량: 0.6L / 사용시간: 30분 / 용량: 2200mAh / 브러쉬: 바닥, 솔형, 틈새 / 거치대 / 배터리잔량표시 / 무게: 1.6kg / 색상:화이트 / 소비전력: 125W / 크기(가로x세로x깊이): 210x1155x180mm","113,850원"
117,샤오미 로이드미 F8,"핸디/스틱청소기 / 핸디+스틱형 / 무선형 / 전압: 29.6V / 헤파필터 / 4단계여과 / 흡입력: 115W / 흡입력: 18500Pa / 충전시간: 2시간30분 / 용량: 2500mAh / 브러쉬: 바닥, 솔형, 틈새 / LED라이트 / 거치대 / 프리볼트 / WiFi / 크기(가로x세로x깊이): 256x1178x157mm","437,900원"
118,일렉트로룩스 울트라파워 ZB5021,핸디/스틱청소기 / 스틱형 / 무선형 / 전압: 21.6V / 싸이클론 / 충전시간: 4시간 / 사용시간: 50분 / 배터리: 리튬이온 / LED라이트 / 거치대 / 배터리잔량표시 / 브러쉬자동청소 / 셀프스탠딩 / 무게: 2.8kg / 색상:다크브로도 / 크기(가로x세로x깊이): 260x1100x160mm,"369,220원"
119,삼성전자 파워건 150,"핸디/스틱청소기 / 핸디+스틱형 / 무선형 / 헤파필터 / 싸이클론 / 5단계여과 / 인버터모터 / 흡입력: 150W / 충전시간: 4시간30분 / 사용시간: 40분 / 배터리: 리튬이온 / 브러쉬: 바닥, 솔형, 틈새 / 무게: 2.95kg / 색상:메탈레드 / 소비전력: 450W / 플렉스핸들 / 크기(가로x세로x깊이): 252x1110x315mm","748,000원"
120,다이슨 V8 플러피 헤파,"핸디/스틱청소기 / 핸디+스틱형 / 무선형 / 헤파필터 / 싸이클론 / 흡입력: 115W / 충전시간: 5시간 / 사용시간: 40분 / 배터리: 리튬이온 / 도킹스테이션 / 무게: 2.63kg / 브러쉬: 소프트롤러클리너헤드, 미니모토라이즈드툴, 콤비네이션툴, 크레비스노즐, 업탑아답터, 미니소프트더스팅, 와이드노즐 / 크기(가로x세로x깊이): 250x1244x210mm","878,390원"
121,DIBEA C17,"핸디/스틱청소기 / 핸디+스틱형 / 무선형 / 전압: 22.2V / 싸이클론 / 흡입력: 7000Pa / 먼지통용량: 0.35L / 충전시간: 4~5시간 / 사용시간: 40분 / 배터리: 리튬이온 / 용량: 2200mAh / 브러쉬: 바닥, 솔형, 틈새, 연장관 / 프리볼트 / 무게: 2.3kg / 소비전력: 120W / 크기(가로x세로x깊이): 272x1200x210mm","202,400원"
122,LG전자 코드제로 A9 A950,"핸디/스틱청소기 / 핸디+스틱형 / 무선형 / 헤파필터 / 2중터보싸이클론 / 5단계여과 / 인버터모터 / 흡입력: 140W / 충전시간: 3시간30분 / 사용시간: 80분 / 배터리: 리튬이온 (2개) / 브러쉬: 바닥, 침구 / 거치대 / 무게: 2.7kg / 색상:판타지실버 / 소비전력: 450W / 크기(가로x세로x깊이): 260x1120x270mm","907,600원"
123,다이슨 V8 플러피 프로,"핸디/스틱청소기 / 핸디+스틱형 / 무선형 / 전압: 21.6V / 트윈싸이클론 / 흡입력: 155AW / 충전시간: 5시간 / 사용시간: 40분 / 배터리: 리튬이온 / 도킹스테이션 / 무게: 2.63kg / 소비전력: 485W / 브러쉬: 소프트롤러클리너헤드, 미니모토라이즈드툴, 콤비네이션툴, 크레비스툴, 플렉시크레비스툴 / 크기(가로x세로x깊이): 250x1244x210mm","659,990원"
124,일렉트로룩스 에르고라피도 ZB3111,"핸디/스틱청소기 / 핸디+스틱형 / 무선형 / 전압: 18V / 싸이클론 / 3단계여과 / 충전시간: 4시간 / 사용시간: 45분 / 배터리: 리튬이온 / 브러쉬: 바닥, 솔형 / LED라이트 / 거치대 / 배터리잔량표시 / 브러쉬자동청소 / 셀프스탠딩 / 무게: 2.6kg / 색상:초콜릿브라운메탈릭 / 크기(가로x세로x깊이): 263x1070x150mm","1,239,300원"
125,삼성전자 제트 VS20R9043QA,"핸디/스틱청소기 / 핸디+스틱형 / 무선형 / 전압: 21.9V / 헤파필터 / 싸이클론 / 5단계여과 / 인버터모터 / 흡입력: 200W / 먼지통용량: 0.5L / 충전시간: 3시간30분 / 사용시간: 60분 / 배터리: 리튬이온 / 브러쉬: 바닥, 솔형, 틈새, 연장관 / 거치대 / 디스플레이표시창 / 프리볼트 / 무게: 2.7kg / 색상:실버핑크 / 소비전력: 550W / 알레르기인증(BAF) / 미세먼지인증(SLG) / 크기(가로x세로x깊이): 250x1136x215mm","550,130원"
126,케이디와이 휴대용 미니청소기 KPV-3525,"차량용청소기 / 필터 / 무선 / 흡입력: 2,700Pa / 최대출력: 45W / 헤파필터 / 추가노즐: 틈새, 솔브러쉬, 연장호스 / 사용시간: 25분 / 충전방식: USB타입 / 충전시간: 3.5시간 / 크기: 83x83x293mm / 무게: 0.66kg","26,880원"
127,DIBEA V008 프로,"핸디/스틱청소기 / 핸디+스틱형 / 무선형 / 전압: 22.2V / 싸이클론 / DC모터 / 흡입력: 17000Pa / 충전시간: 4~5시간 / 사용시간: 30분 / 배터리: 리튬이온 / 용량: 2200mAh / 브러쉬: 바닥, 솔형, 틈새, 연장관 / 배터리잔량표시 / 무게: 2.3kg / 색상:화이트 / 소비전력: 250W / 크기(가로x세로x깊이): 240x1040x212mm","146,660원"
128,다이슨 V8 앱솔루트 프로,"핸디/스틱청소기 / 핸디+스틱형 / 무선형 / 전압: 21.6V / 트윈싸이클론 / 흡입력: 155AW / 충전시간: 5시간 / 사용시간: 40분 / 배터리: 리튬이온 / 도킹스테이션 / 무게: 2.63kg / 소비전력: 485W / 브러쉬: 소프트롤러클리너헤드, 다이렉트드라이브헤드, 미니모토라이즈드툴, 콤비네이션툴, 크레비스툴, 업탑어댑터, 소프트더스팅브러쉬, 익스텐션호스, 와이드노즐 / 크기(가로x세로x깊이): 250x1244x210mm","765,060원"
129,비브르 스톰파워 VE30,"핸디/스틱청소기 / 핸디+스틱형 / 무선형 / 전압: 29.6V / 헤파필터 / H13급 / BLDC모터 / 흡입력: 25000Pa / 먼지통용량: 0.8L / 충전시간: 3시간 / 사용시간: 40분 / 배터리: 리튬이온 / 용량: 2000mAh / 브러쉬: 바닥, 솔형, 틈새, 침구, 물걸레 / LED라이트 / 거치대 / 디스플레이표시창 / 무게: 1.5kg / 색상:블랙 / 소비전력: 400W","233,000원"
130,LG전자 코드제로 A9 A960,"핸디/스틱청소기 / 핸디+스틱형 / 무선형 / 헤파필터 / 2중터보싸이클론 / 5단계여과 / 인버터모터 / 흡입력: 140W / 충전시간: 3시간30분 / 사용시간: 80분 / 배터리: 리튬이온 (2개) / 브러쉬: 바닥, 카펫, 침구 / 거치대 / 무게: 2.7kg / 색상:블랙 / 소비전력: 450W / 크기(가로x세로x깊이): 260x1120x270mm","1,550,000원"
131,다이슨 V8 앱솔루트 플러스,"핸디/스틱청소기 / 핸디+스틱형 / 무선형 / 트윈싸이클론 / 흡입력: 115AW / 충전시간: 5시간 / 사용시간: 40분 / 배터리: 리튬이온 / 도킹스테이션 / 무게: 2.63kg / 소비전력: 425W / 브러쉬: 소프트롤러클리너헤드, 다이렉트드라이브헤드, 미니모터라이즈드툴, 콤비네이션툴, 크레비스툴, 플렉시크레비스툴, 업탑어댑터, 매트리스툴, 미니소프트더스팅브러쉬툴, 익스텐션호스 / 크기(가로x세로x깊이): 250x1244x210mm","749,990원"
132,훠링 미니 무선 청소기,"차량용청소기 / 무선 / 흡입력: 5,500Pa / 최대출력: 74W / 헤파필터 / 추가노즐: 틈새, 솔브러쉬 / 사용시간: 16분 / 충전시간: 2시간 / 충전방식: USB C타입 / 크기: 73x73x300mm / 무게: 580g","54,290원"
133,다이슨 V8 모터헤드 헤파,"핸디/스틱청소기 / 핸디+스틱형 / 무선형 / 싸이클론 / 흡입력: 115AW / 충전시간: 5시간 / 사용시간: 40분 / 배터리: 리튬이온 / 도킹스테이션 / 무게: 2.55kg / 브러쉬: 다이렉트드라이브헤드, 미니모토라이즈드툴, 콤비네이션툴, 크레비스노즐, 업탑아답터, 미니소프트더스팅, 와이드노즐 / 크기(가로x세로x깊이): 250x1244x210mm","1,046,700원"
134,다이슨 V6 코드프리 플러스,"핸디/스틱청소기 / 핸디+스틱형 / 무선형 / 전압: 21.6V / 트윈싸이클론 / 흡입력: 100AW / 충전시간: 3시간30분 / 사용시간: 20분 / 배터리: 리튬이온 / 도킹스테이션 / 무게: 2.1kg / 색상:실버 / 소비전력: 350W / 브러쉬: 카본파이버모터헤드, 콤비네이션툴 / 크기(가로x세로x깊이): 208x1180x211mm","869,130원"
135,샤크 EVO POWER PLUS,"핸디/스틱청소기 / 핸디+스틱형 / 무선형 / 전압: 10.8V / BLDC모터 / 충전시간: 2시간30분 / 사용시간: 12분 / 배터리: 리튬이온 / 브러쉬: 바닥, 솔형, 틈새 / 무게: 0.624kg / 색상:블랙 / 소비전력: 120W / 크기(가로x세로x깊이): 61x419x53mm","165,020원"
136,LG전자 코드제로 A9 A930,핸디/스틱청소기 / 핸디+스틱형 / 무선형 / 헤파필터 / 2중터보싸이클론 / 5단계여과 / 인버터모터 / 흡입력: 140W / 충전시간: 3시간30분 / 사용시간: 40분 / 배터리: 리튬이온 / 브러쉬: 바닥 / 거치대 / 무게: 2.7kg / 색상:아쿠아블루 / 소비전력: 450W / 알레르기인증(BAF) / 미세먼지인증(SLG) / 크기(가로x세로x깊이): 260x1120x270mm,"995,100원"
137,EUP VH806,"핸디/스틱청소기 / 핸디+스틱형 / 무선형 / 전압: 22.2V / 헤파필터 / 흡입력: 7000Pa / 충전시간: 4~5시간 / 사용시간: 20~30분 / 배터리: 리튬이온 / 용량: 2200mAh / 브러쉬: 바닥, 솔형, 틈새, 연장관 / 프리볼트 / 무게: 2.3kg / 색상:핑크 / 소비전력: 150W / 110V / 변환어댑터: 필요 / 크기(가로x세로): 280x1100mm","111,520원"
138,샤오미 드리미 CC,물걸레청소기 / 스틱형 / 회전식 / 무선형 / 전압: 7.4V / BLDC모터 / 충전시간: 4시간30분 / 사용시간: 40분 / 배터리: 리튬이온 / 용량: 2200mAh / 물분사 / LED라이트 / 각도조절 / 무게: 2.5kg / 소비전력: 40W / 색상:화이트 / 모터과열방지 / 과충전방지 / 오토스토핑 / 패드: 항균초극세사 / 크기(가로x세로x깊이): 370x1200x180mm,"104,980원"
139,DIBEA D18 플러스,"핸디/스틱청소기 / 핸디+스틱형 / 무선형 / 전압: 22.2V / 헤파필터 / H13급 / 싸이클론 / 3단계여과 / 흡입력: 9000Pa / 먼지통용량: 0.55L / 충전시간: 4~5시간 / 사용시간: 45분 / 배터리: 리튬이온 / 용량: 2200mAh / 브러쉬: 바닥, 솔형, 틈새, 연장관 / LED라이트 / 배터리잔량표시 / 무게: 2.2kg / 소비전력: 120W / 크기(가로x세로x깊이): 240x1040x211mm","85,550원"
140,블랙앤데커 PV1820CEXT,"핸디/스틱청소기 / 핸디형 / 무선형 / 전압: 18V / 싸이클론 / 3단계여과 / 흡입력: 35AW / 충전시간: 4시간 / 사용시간: 12분 / 배터리: 리튬이온 / 브러쉬: 바닥, 연장관 / 거치대 / 배터리잔량표시 / 프리볼트 / 무게: 1.38kg / 색상:크롬 / 피벗노즐 / 크기(가로x세로x깊이): 270x170x140mm","89,380원"
141,일렉트로룩스 퓨어 Q9 PQ92-3BWF,"핸디/스틱청소기 / 핸디+스틱형 / 무선형 / 전압: 25.2V / 싸이클론 / 5단계여과 / 먼지통용량: 0.3L / 충전시간: 4시간 / 사용시간: 53분 / 배터리: 리튬이온 / 브러쉬: 바닥, 솔형, 틈새, 침구 / LED라이트 / 거치대 / 셀프스탠딩 / 무게: 2.89kg / 색상:사틴화이트 / 크기(가로x세로x깊이): 256x1097x155mm","484,200원"
142,샤오미 드리미 V12,"핸디/스틱청소기 / 핸디+스틱형 / 무선형 / 전압: 25.2V / 싸이클론 / 5단계여과 / 흡입력: 185AW / 흡입력: 27000Pa / 먼지통용량: 0.5L / 충전시간: 4시간 / 사용시간: 1시간30분 / 용량: 3000mAh / 브러쉬: 바닥, 솔형, 틈새, 침구, 물걸레, 연장관 / 거치대 / 디스플레이표시창 / 배터리잔량표시 / 무게: 1.65kg / 색상:블랙 / 소비전력: 550W / 크기(가로x세로): 200x1226mm","389,000원"
143,다이슨 디지털 슬림 플러피,"핸디/스틱청소기 / 핸디+스틱형 / 무선형 / 싸이클론 / 5단계여과 / 흡입력: 100AW / 먼지통용량: 0.3L / 충전시간: 3시간30분 / 사용시간: 40분 / 도킹스테이션 / 디스플레이표시창 / 무게: 1.9kg / 색상:퍼플 / 브러쉬: 슬림소프트롤러클리너헤드, 콤비네이션툴, 라이트파이프크레비스툴, 미니모터툴 / 크기(가로x세로x깊이): 250x1100x250mm","659,120원"
144,일렉트로룩스 ZB3311,"핸디/스틱청소기 / 핸디+스틱형 / 무선형 / 전압: 18V / 4단계여과 / 충전시간: 4시간 / 사용시간: 48분 / 배터리: 리튬이온 / 브러쉬: 바닥, 틈새 / LED라이트 / 배터리잔량표시 / 브러쉬자동청소 / 셀프스탠딩 / 무게: 3.01kg / 색상:타이탄블루 / 알레르기인증(BAF) / 크기(가로x세로x깊이): 303x690x162mm","163,750원"
145,샤오미 WXCDJ01SWDK,물걸레청소기 / 스틱형 / 왕복식 / 무선형 / 전압: 11.1V / 충전시간: 3시간 / 사용시간: 1시간 / 배터리: 리튬이온 / 용량: 2200mAh / 물분사 / LED라이트 / 각도조절 / 거치대 / 프리볼트 / 무게: 2.6kg / 소비전력: 25W / 색상:화이트 / 크기(가로x세로x깊이): 296x1114x220mm,"77,320원"
146,다이슨 옴니 글라이드+,"핸디/스틱청소기 / 핸디+스틱형 / 무선형 / 싸이클론 / 5단계여과 / 흡입력: 50AW / 먼지통용량: 0.2L / 충전시간: 3시간30분 / 사용시간: 20분 / 배터리: 리튬이온 / 도킹스테이션 / 무게: 1.9kg / 색상:골드 / 브러쉬: 전방향플러피클리너헤드, 콤비네이션크레비스툴, 미니모터헤드툴, 라이트파이프크레비스툴, 서페이스툴 / 크기(가로x세로x깊이): 208x1077x92mm","521,140원"
147,휴스톰 HS-12000W,물걸레청소기 / 스틱형 / 회전식 / 무선형 / 전압: 14.6V / 충전시간: 2시간 30분 / 사용시간: 60분 / 배터리: 리튬이온 (2개) / 용량: 2750mAh / LED라이트 / 가구손상방지 / 각도조절 / 셀프스탠딩 / 거치대 / 프리볼트 / 무게: 3.7kg / 색상:화이트 / 모터과열방지 / 과충전방지 / 오토스토핑 / 패드: 극세사(벨크로형) / 크기(가로x세로x깊이): 410x1020x205mm,"269,990원"
148,한샘 BLDC 올인원 무선청소기,"핸디/스틱청소기 / 핸디+스틱형 / 무선형 / 전압: 22.2V / 헤파필터 / H13급 / 터보싸이클론 / BLDC모터 / 흡입력: 20000Pa / 먼지통용량: 0.6L / 충전시간: 5시간 / 사용시간: 30분 / 용량: 2000mAh / 브러쉬: 바닥, 솔형, 틈새, 물걸레, 연장관 / LED라이트 / 거치대 / 배터리잔량표시 / 무게: 2.2kg / 색상:화이트 / 소비전력: 200W / 크기(가로x세로x깊이): 260x1080x210mm","158,410원"
149,삼성전자 제트 VS20T9278S7CS,"핸디/스틱청소기 / 핸디+스틱형 / 무선형 / 전압: 21.9V / 헤파필터 / 싸이클론 / 5단계여과 / 인버터모터 / 흡입력: 200W / 먼지통용량: 0.5L / 충전시간: 3시간30분 / 사용시간: 2시간 / 배터리: 리튬이온 (2개) / 브러쉬: 바닥, 솔형, 틈새, 침구, 물걸레, 연장관 / 거치대 / 디스플레이표시창 / 프리볼트 / 색상:티탄골드 / 소비전력: 550W / 미세먼지인증(SLG) / 크기(가로x세로x깊이): 250x1136x215mm / [VCA-SAE90A] 청정스테이션 / 색상: 블랙 / 크기(가로x세로x깊이): 185x600x180mm","986,530원"
150,아이룸 RS7,"핸디/스틱청소기 / 핸디+스틱형 / 무선형 / 전압: 25.9V / 6단계여과 / BLDC모터 / 흡입력: 26000Pa / 배터리: 리튬이온 / 용량: 2200mAh / 브러쉬: 바닥, 솔형, 틈새, 연장관 / LED라이트 / 거치대 / 무게: 2.7kg / 색상:옐로우 / 소비전력: 280W / 크기(가로x세로x깊이): 263x1170x230mm","188,990원"
151,JDL tech 트위스터,물걸레청소기 / 스틱+핸디형 / 왕복식 / 무선형 / 전압: 11.1V / 충전시간: 5시간 / 사용시간: 1시간50분 / 용량: 2200mAh / 물분사 / LED라이트 / 각도조절 / 셀프스탠딩 / 배터리잔량표시 / 프리볼트 / 무게: 2.4kg / 소비전력: 25W / 색상:화이트 / 모터과열방지 / 과충전방지 / 크기(가로x세로x깊이): 270x1160x270mm,"101,150원"
152,신일산업 SVC-DC2200SK,"핸디/스틱청소기 / 핸디+스틱형 / 무선형 / 전압: 22.2V / 헤파필터 / 먼지통용량: 0.5L / 충전시간: 4~5시간 / 사용시간: 35분 / 브러쉬: 바닥, 솔형, 틈새, 연장관 / 프리볼트 / 무게: 1.5kg / 크기(가로x세로x깊이): 230x1040x210mm","105,220원"
153,일렉트로룩스 퓨어 Q9 PQ92-2OGF,"핸디/스틱청소기 / 핸디+스틱형 / 무선형 / 전압: 21.6V / 5단계여과 / 먼지통용량: 0.3L / 충전시간: 3시간30분 / 사용시간: 50분 / 배터리: 리튬이온 / 브러쉬: 바닥, 솔형, 틈새 / LED라이트 / 배터리잔량표시 / 셀프스탠딩 / 무게: 0.8kg / 색상:그라나이트그레이 / 크기(가로x세로x깊이): 256x1097x155mm","370,900원"
154,블랙앤데커 PV1820BK,핸디/스틱청소기 / 핸디형 / 무선형 / 전압: 18V / 싸이클론 / 3단계여과 / 흡입력: 35AW / 충전시간: 4시간 / 사용시간: 12분 / 배터리: 리튬이온 / 브러쉬: 틈새 / 거치대 / 배터리잔량표시 / 프리볼트 / 무게: 1.38kg / 색상:블랙 / 피벗노즐 / 크기(가로x세로x깊이): 140x270x170mm,"82,840원"
155,디스코즈 HANDY,"핸디/스틱청소기 / 핸디+스틱형 / 무선형 / 전압: 11.1V / 헤파필터 / H12급 / BLDC모터 / 흡입력: 11000Pa / 먼지통용량: 0.5L / 충전시간: 4시간 / 사용시간: 40분 / 용량: 2600mAh / 브러쉬: 바닥, 솔형, 틈새, 연장관 / 거치대 / 무게: 0.55kg / 색상:화이트 / 소비전력: 75W / 크기(가로x세로x깊이): 65x400x65mm","99,000원"
156,일럭스고 SVC-1019L,"핸디/스틱청소기 / 핸디+스틱형 / 무선형 / 전압: 22.2V / 헤파필터 / 싸이클론 / 5단계여과 / 흡입력: 4500Pa / 충전시간: 2시간30분 / 사용시간: 20분 / 배터리: 리튬이온 / 용량: 2000mAh / 브러쉬: 바닥, 틈새, 침구, 연장관 / 거치대 / 무게: 0.8kg / 색상:블랙, 화이트 / 소비전력: 80W","64,860원"
157,DIBEA PLA25,"핸디/스틱청소기 / 핸디+스틱형 / 무선형 / 전압: 29.6V / 헤파필터 / H13급 / 싸이클론 / BLDC모터 / 흡입력: 25000Pa / 먼지통용량: 0.5L / 충전시간: 3시간 / 사용시간: 50분 / 배터리: 리튬이온 / 용량: 2000mAh / 브러쉬: 바닥, 솔형, 틈새, 침구, 물걸레, 연장관 / LED라이트 / 거치대 / 무게: 2.5kg / 색상:로즈골드 / 소비전력: 400W / 크기(가로x세로x깊이): 256x1172x217mm","229,000원"
158,DIBEA X30,"핸디/스틱청소기 / 핸디+스틱형 / 무선형 / 전압: 29.6V / 헤파필터 / H13급 / 싸이클론 / BLDC모터 / 흡입력: 25000Pa / 먼지통용량: 0.5L / 충전시간: 2~3시간 / 사용시간: 50분 / 배터리: 리튬이온 / 용량: 2000mAh / 브러쉬: 바닥, 솔형, 틈새, 연장관 / LED라이트 / 거치대 / 무게: 2.5kg / 색상:블루 / 소비전력: 400W / 크기(가로x세로x깊이): 256x1172x217mm","239,000원"
159,일렉트로룩스 WELL Q7 WQ71-2OIBF,"핸디/스틱청소기 / 핸디+스틱형 / 무선형 / 전압: 21.6V / 싸이클론 / 5단계여과 / 먼지통용량: 0.3L / 충전시간: 4시간30분 / 사용시간: 50분 / 배터리: 리튬이온 / 브러쉬: 바닥, 솔형, 틈새 / LED라이트 / 거치대 / 배터리잔량표시 / 셀프스탠딩 / 무게: 2.8kg / 색상:인디고블루 / 크기(가로x세로x깊이): 258x1105x140mm","328,990원"
160,휴스톰 HS-1000,물걸레청소기 / 스틱형 / 물걸레전용 / 회전식 / 무선형 / 전압: 7.3V / 충전시간: 4시간 / 사용시간: 1시간 / 배터리: 리튬이온 / 용량: 2750mAh / 각도조절 / 프리볼트 / 무게: 1.6kg / 색상:블랙 / 과충전방지 / 오토스토핑 / 패드: 극세사(벨크로형) / 크기(가로x세로x깊이): 290x1070x140mm,"84,420원"
161,유니맥스 UVC-1688,"핸디/스틱청소기 / 핸디형 / 무선형 / 전압: 6V / 싸이클론 / 충전시간: 10~12시간 / 배터리: 니켈카드뮴 / 브러쉬: 카펫, 솔형, 틈새 / 거치대 / 무게: 0.683kg / 색상:블루 / 소비전력: 25W / 크기(가로x세로x깊이): 95x350x105mm","17,240원"
162,테팔 에어포스360 라이트 TY5516KJ,"핸디/스틱청소기 / 핸디+스틱형 / 무선형 / 전압: 21.6V / 싸이클론 / 6단계여과 / BLDC모터 / 먼지통용량: 0.5L / 충전시간: 4시간30분 / 사용시간: 1시간6분 / 배터리: 리튬이온 (2개) / 브러쉬: 바닥, 솔형, 틈새 / 거치대 / 무게: 1.41kg / 색상:다크실버 / 소비전력: 200W / 크기(가로x세로x깊이): 285x734x188mm","386,640원"
163,포엔코 PC-OP01,"욕실청소기 / 핸디형 / 무선형 / 전압: 3.6V / 충전시간: 1시간 / 배터리: 리튬이온 / 용량: 1000mAh / 색상:핑크 / 방수 / 브러쉬: 스펀지, 수세미, 청소솔, 광택솔","38,990원"
164,듀플렉스 DP-485VC,"핸디/스틱청소기 / 핸디형 / 무선형 / 전압: 4.8V / 2단계여과 / 브러쉬: 솔형, 틈새 / 무게: 1.5kg / 색상:화이트+블루 / 소비전력: 35W / 크기(가로x세로x깊이): 100x360x100mm","21,060원"
165,대웅모닝컴 DWVC-DC9180KP,"핸디/스틱청소기 / 핸디+스틱형 / 무선형 / 전압: 27V / 헤파필터 / 싸이클론 / 사용시간: 40분 / 브러쉬: 바닥, 솔형, 틈새, 연장관 / LED라이트 / 프리볼트 / 무게: 2.3kg / 크기(가로x세로x깊이): 130x1200x200mm","56,860원"
166,일렉트로룩스 라피도 ZB5106,핸디/스틱청소기 / 핸디형 / 무선형 / 전압: 7.2V / 싸이클론 / 3단계여과 / 충전시간: 16시간 / 사용시간: 11분 / 배터리: 니켈수소 / 브러쉬: 틈새 / 거치대 / 무게: 1.1kg / 색상:폴라블루메탈릭 / 5단계각도조절 / 바퀴 / 크기(가로x세로x깊이): 410x137x124mm,"45,830원"
167,신일 SVC-ECO150,"핸디/스틱청소기 / 핸디+스틱형 / 무선형 / 전압: 21.6V / 헤파필터 / 3단계여과 / 흡입력: 150W / 충전시간: 5~6시간 / 사용시간: 20분 / 배터리: 리튬이온 / 용량: 2000mAh / 브러쉬: 바닥, 솔형, 틈새, 연장관 / LED라이트 / 거치대 / 프리볼트 / 무게: 1.3kg / 크기(가로x세로x깊이): 230x1120x300mm","152,290원"
168,지웰 벤투스 슬림,"핸디/스틱청소기 / 핸디+스틱형 / 무선형 / 전압: 11.1V / 헤파필터 / BLDC모터 / 흡입력: 13000Pa / 충전시간: 5시간 / 사용시간: 45분 / 배터리: 리튬이온 / 용량: 2500mAh / 브러쉬: 바닥, 틈새, 연장관 / 거치대 / 무게: 0.495kg / 색상:로즈골드 / 소비전력: 90W / 크기(가로x세로x깊이): 75x1200x75mm","61,990원"
169,대웅모닝컴 DWVC-AC800KP,"핸디/스틱청소기 / 핸디+스틱형 / 유선형 / 싸이클론 / 브러쉬: 바닥, 솔형, 틈새, 연장관 / 무게: 2.5kg / 크기(가로x세로x깊이): 260x1060x210mm","23,610원"
170,다이슨 디지털 슬림 플러피 프로,"핸디/스틱청소기 / 핸디+스틱형 / 무선형 / 싸이클론 / 5단계여과 / 흡입력: 100AW / 먼지통용량: 0.3L / 충전시간: 3시간30분 / 사용시간: 40분 / 거치대 / 도킹스테이션 / 디스플레이표시창 / 무게: 1.9kg / 색상:골드 / 브러쉬: 슬림소프트롤러클리너헤드, 콤비네이션툴, 라이트파이프크레비스툴, 미니모터헤드툴, 스터번더트브러쉬, 매트리스툴, 연장호스 / 크기(가로x세로x깊이): 250x1100x250mm","953,520원"
171,LG전자 코드제로 이지스틱 S749IA,"핸디/스틱청소기 / 핸디+스틱형 / 무선형 / 전압: 18V / 인버터모터 / 사용시간: 40분 / 브러쉬: 바닥, 솔형, 틈새, 매트리스 / LED라이트 / 색상:아이언그레이 / 소비전력: 190W / 배터리 (2개) / 크기(가로x세로x깊이): 270x1105x190mm","338,420원"
172,마끼다 DCL181,"핸디/스틱청소기 / 핸디+스틱형 / 무선형 / 흡입력: 5300Pa / 먼지통용량: 0.65L / 사용시간: 40분 / 브러쉬: 바닥, 틈새, 연장관 / 무게: 1.2kg","53,900원"
173,샤오미 SWDK-DM790,"침구청소기 / 핸디형 / 무선형 / 3단계여과 / 흡입력: 6000Pa / 충전시간: 2시간30분 / 사용시간: 25분 / 용량: 2200mAh / 청소모드: UV살균, 진동, 흡입 / 진동수: 8000회(분당) / 헤파필터 / 거치대 / 무게: 1.3kg / 크기(가로x세로): 270x324mm","79,400원"
174,DIBEA Z10 프로,"핸디/스틱청소기 / 핸디+스틱형 / 무선형 / 전압: 22.2V / 헤파필터 / H13급 / 싸이클론 / BLDC모터 / 흡입력: 18000Pa / 충전시간: 4~5시간 / 사용시간: 30분 / 용량: 2200mAh / 브러쉬: 바닥, 솔형, 틈새, 연장관 / 거치대 / 무게: 2.3kg / 색상:레드, 아이언그레이, 실버 / 크기(가로x세로x깊이): 240x1040x211mm","103,480원"
175,DIBEA F20 맥스,"핸디/스틱청소기 / 핸디+스틱형 / 무선형 / 전압: 29.6V / 싸이클론 / BLDC모터 / 흡입력: 100AW / 흡입력: 25000Pa / 먼지통용량: 0.5L / 충전시간: 2~3시간 / 사용시간: 50분 / 배터리: 리튬이온 / 용량: 2000mAh / 브러쉬: 바닥, 솔형, 틈새, 연장관 / LED라이트 / 거치대 / 무게: 2.5kg / 소비전력: 400W / 크기(가로x세로x깊이): 256x1172x217mm","223,440원"
176,아이룸 D-10,"핸디/스틱청소기 / 핸디+스틱형 / 무선형 / 전압: 22.2V / 헤파필터 / 싸이클론 / 3단계여과 / 흡입력: 25W / 충전시간: 4시간 / 사용시간: 35분 / 배터리: 리튬이온 / 용량: 2200mAh / 브러쉬: 바닥, 솔형, 틈새, 침구, 연장관 / LED라이트 / 거치대 / 무게: 1.9kg / 소비전력: 180W","125,800원"
177,블랙앤데커 PV1820C,핸디/스틱청소기 / 핸디형 / 무선형 / 전압: 18V / 싸이클론 / 3단계여과 / 충전시간: 4시간 / 사용시간: 12분 / 배터리: 리튬이온 / 거치대 / 배터리잔량표시 / 프리볼트 / 무게: 1.38kg / 색상:크롬 / 소비전력: 27W / 피벗노즐 / 크기(가로x세로x깊이): 270x170x140mm,"83,150원"
178,천하지엘씨 오토봇 V 차량용 청소기 ABV001,"차량용청소기 / 무선 / 흡입력: 4,200Pa / 최대출력: 68W / 헤파필터 / 추가노즐: 틈새, 솔브러쉬 / 사용시간: 10분 / 충전시간: 2시간 / 충전방식: USB타입 / 크기: 280x60x60mm / 무게: 780g","57,730원"
179,삼성전자 제트 VS20R9078S2CS,"핸디/스틱청소기 / 핸디+스틱형 / 무선형 / 전압: 21.9V / 헤파필터 / 싸이클론 / 5단계여과 / 인버터모터 / 흡입력: 200W / 먼지통용량: 0.5L / 충전시간: 3시간30분 / 사용시간: 2시간 / 배터리: 리튬이온 (2개) / 브러쉬: 바닥, 솔형, 틈새, 침구, 물걸레, 연장관 / 거치대 / 디스플레이표시창 / 프리볼트 / 무게: 2.7kg / 색상:티탄+블루 / 소비전력: 550W / 알레르기인증(BAF) / 미세먼지인증(SLG) / 크기(가로x세로x깊이): 250x1136x215mm / [VCA-SAE90A] 청정스테이션 / 색상: 블랙 / 크기(가로x세로x깊이): 185x600x180mm","779,281원"
180,지웰 벤투스 아쿠아 프로,물걸레청소기 / 스틱형 / 물걸레+진공 / 무선형 / 전압: 22.2V / 충전시간: 3~4시간 / 사용시간: 30분 / 배터리: 리튬이온 / 용량: 2200mAh / 물분사 / 셀프스탠딩 / 거치대 / 무게: 3kg / 소비전력: 120W / 오토클리닝,"399,000원"
181,모온 오비큠,"핸디/스틱청소기 / 핸디+스틱형 / 무선형 / 헤파필터 / H13급 / BLDC모터 / 먼지통용량: 0.55L / 충전시간: 2시간30분 / 사용시간: 1시간 / 배터리: 리튬이온 / 브러쉬: 바닥, 솔형, 틈새 / 거치대 / 무게: 0.9kg / 색상:마쉬멜로우+화이트 / 소비전력: 90W / 스마트메모리 / 크기(가로x세로x깊이): 222x1020x200mm","269,000원"
182,DIBEA ALLNEW22000,"핸디/스틱청소기 / 핸디+스틱형 / 무선형 / 전압: 22.2V / 헤파필터 / H13급 / 싸이클론 / 4단계여과 / BLDC모터 / 흡입력: 22000Pa / 먼지통용량: 0.55L / 충전시간: 4~5시간 / 사용시간: 30분 / 배터리: 리튬이온 / 용량: 2200mAh / 브러쉬: 바닥, 솔형, 틈새, 침구, 연장관 / LED라이트 / 거치대 / 배터리잔량표시 / 무게: 2.2kg / 소비전력: 250W / 크기(가로x세로x깊이): 240x1040x212mm","174,000원"
183,신일산업 SVC-8858PNX,"핸디/스틱청소기 / 핸디+스틱형 / 무선형 / 전압: 18.5V / 헤파필터 / H13급 / 싸이클론 / 4단계여과 / BLDC모터 / 흡입력: 17000Pa / 먼지통용량: 0.5L / 충전시간: 5시간 / 사용시간: 30분 / 배터리: 리튬이온 / 용량: 2200mAh / 브러쉬: 바닥, 솔형, 틈새, 침구, 펫 / LED라이트 / 거치대 / 배터리잔량표시 / 프리볼트 / 무게: 2kg / 색상:화이트 / 크기(가로x세로x깊이): 274x1150x250mm","169,000원"
184,캐치웰 NEW F8,"핸디/스틱청소기 / 핸디+스틱형 / 무선형 / 전압: 22.2V / 헤파필터 / H13급 / 싸이클론 / 4단계여과 / BLDC모터 / 흡입력: 29000Pa / 먼지통용량: 0.5L / 충전시간: 5시간 / 사용시간: 25분 / 용량: 2200mAh / 브러쉬: 바닥, 틈새, 침구, 물걸레 / LED라이트 / 거치대 / 배터리잔량표시 / 프리볼트 / 무게: 2.11kg / 색상:화이트 / 소비전력: 400W","219,000원"
185,일렉트로룩스 에르고라피도 클래식 ZB3501EB,"핸디/스틱청소기 / 핸디+스틱형 / 무선형 / 전압: 14.4V / 4단계여과 / 먼지통용량: 0.42L / 충전시간: 4시간 / 사용시간: 30분 / 배터리: 리튬이온 / 브러쉬: 바닥, 틈새 / LED라이트 / 거치대 / 배터리잔량표시 / 브러쉬자동청소 / 셀프스탠딩 / 무게: 2.45kg / 색상:에보니블랙 / 크기(가로x세로x깊이): 299x689x165mm","129,310원"
186,신일 롤링스턴 SDC-B4000LG,물걸레청소기 / 스틱형 / 회전식 / 무선형 / 전압: 16.8V / 충전시간: 3시간 / 사용시간: 30분 / 배터리: 리튬이온 / 용량: 2150mAh / LED라이트 / 가구손상방지 / 무게: 3.1kg / 패드: 극세사(벨크로형) / 크기(가로x세로x깊이): 420x1250x190mm,"97,880원"
187,블랙앤데커 PD1810LR,"핸디/스틱청소기 / 핸디형 / 무선형 / 전압: 18V / 싸이클론 / 2단계여과 / 흡입력: 25AW / 먼지통용량: 0.56L / 충전시간: 4시간 / 사용시간: 13분29초 / 배터리: 리튬이온 / 브러쉬: 솔형, 틈새 / 무게: 1.47kg / 색상:레드 / 크기(가로x세로): 190x215mm","89,000원"
188,비셀 크로스웨이브 2582S,물걸레청소기 / 스틱형 / 물걸레+진공 / 무선형 / 전압: 36V / 싸이클론 / 충전시간: 4시간 / 사용시간: 30분 / 배터리: 리튬이온 / 물통용량: 0.82L / 거치대 / 무게: 4.9kg / 소비전력: 250W / 색상:실버+블루 / 오토클리닝 / 크기(가로x세로x깊이): 309x1155x307mm,"729,000원"
189,삼성전자 VC-H70S,"핸디/스틱청소기 / 핸디+스틱형 / 무선형 / 브러쉬: 바닥, 솔형, 틈새 / 셀프스탠딩 / 무게: 2.6kg / 색상:그린 / 소비전력: 48W / 크기(가로x세로x깊이): 383x135x117mm","82,470원"
190,아이닉 i20,핸디/스틱청소기 / 핸디+스틱형 / 무선형 / 헤파필터 / H13급 / 흡입력: 25000Pa / 먼지통용량: 0.5L / 충전시간: 5시간 / 사용시간: 50분 / 배터리: 리튬이온 / 용량: 2450mAh / 브러쉬: 바닥 / 무게: 2.5kg / 색상:블랙 / 소비전력: 350W / 크기(가로x세로x깊이): 241x1144x211mm,"239,000원"
191,DIBEA NEW F7 플러스,"핸디/스틱청소기 / 핸디+스틱형 / 무선형 / 전압: 22.2V / 헤파필터 / H13급 / 싸이클론 / BLDC모터 / 흡입력: 22000Pa / 먼지통용량: 0.5L / 충전시간: 4~6시간 / 사용시간: 35분 / 배터리: 리튬이온 / 브러쉬: 바닥, 카펫, 틈새, 연장관 / 거치대 / 배터리잔량표시 / 무게: 2.11kg / 소비전력: 250W","179,000원"
192,툴앤툴 T400W,"핸디/스틱청소기 / 핸디+스틱형 / 무선형 / 전압: 29.6V / 헤파필터 / H14급 / 싸이클론 / BLDC모터 / 먼지통용량: 0.8L / 충전시간: 2시간30분 / 사용시간: 40분 / 배터리: 리튬이온 / 용량: 2000mAh / 브러쉬: 바닥, 틈새, 물걸레 / LED라이트 / 거치대 / 프리볼트 / 무게: 1.5kg / 색상:화이트 / 소비전력: 400W / 크기(가로x세로x깊이): 410x805x165mm","237,000원"
193,워터루핀 WT-N2020,"욕실청소기 / 스틱형 / 무선형 / 전압: 7.4V / 충전시간: 3시간 / 사용시간: 2시간 / 배터리: 리튬이온 / 용량: 2000mAh / 거치대 / 배터리잔량표시 / 무게: 0.76kg / 색상:화이트 / 소비전력: 84W / 방수 / 브러쉬: 물걸레, 모서리, 원형, 평면, 스펀지, 광택","130,000원"
194,일렉트로룩스 WELL Q6 WQ61-1EDB,"핸디/스틱청소기 / 핸디+스틱형 / 무선형 / 전압: 18V / 싸이클론 / 5단계여과 / 먼지통용량: 0.3L / 충전시간: 4시간30분 / 사용시간: 45분 / 배터리: 리튬이온 / 브러쉬: 바닥, 솔형, 틈새 / LED라이트 / 거치대 / 배터리잔량표시 / 브러쉬자동청소 / 셀프스탠딩 / 무게: 2.65kg / 색상:데님블루 / 크기(가로x세로x깊이): 258x1105x140mm","267,580원"
195,일렉트로룩스 에르고라피도 ZB3323BO,"핸디/스틱청소기 / 핸디+스틱형 / 무선형 / 전압: 18V / 4단계여과 / 충전시간: 4시간 / 사용시간: 48분 / 배터리: 리튬이온 / LED라이트 / 거치대 / 배터리잔량표시 / 브러쉬자동청소 / 셀프스탠딩 / 무게: 3.36kg / 색상:마호가니 브론즈 / 알레르기인증(BAF) / 브러쉬: 베드프로, 솔형  / 크기(가로x세로x깊이): 303x690x162mm","195,920원"
196,라우쉬 (RAUSCH) LSBC-6000,욕실청소기 / 핸디+스틱형 / 무선형 / 전압: 7.4V / 충전시간: 4시간 / 사용시간: 1시간40분 / 용량: 2000mAh / 브러쉬: 연장관 / 프리볼트 / 색상:블랙 / 소비전력: 30W / 생활방수 / 각도조절,"49,800원"
197,지웰 벤투스 V5,"핸디/스틱청소기 / 핸디+스틱형 / 무선형 / BLDC모터 / 사용시간: 40분 / 배터리: 리튬이온 / 브러쉬: 바닥, 솔형, 연장관 / 거치대 / 무게: 0.89kg / 색상:밀키민트, 오션블루 / 소비전력: 70W / 흡입력: 15000Pa","139,000원"
198,삼성전자 제트 VS20T9259SFCS,"핸디/스틱청소기 / 핸디+스틱형 / 무선형 / 전압: 21.6V / 헤파필터 / 싸이클론 / 5단계여과 / 인버터모터 / 흡입력: 200W / 먼지통용량: 0.5L / 충전시간: 3시간30분 / 사용시간: 2시간 / 배터리: 리튬이온 (2개) / 브러쉬: 바닥, 솔형, 틈새, 펫, 물걸레, 연장관 / 거치대 / 디스플레이표시창 / 프리볼트 / 무게: 2.64kg / 색상:티탄바이올렛 / 소비전력: 550W / 알레르기인증(BAF) / 미세먼지인증(SLG) / 크기(가로x세로x깊이): 250x1123x215mm / [VCA-SAE90A] 청정스테이션 / 색상: 블랙 / 크기(가로x세로x깊이): 185x600x180mm","871,200원"
199,삼성전자 제트 VS15R8543S1CW,"핸디/스틱청소기 / 핸디+스틱형 / 무선형 / 전압: 21.6V / 헤파필터 / 싸이클론 / 5단계여과 / 인버터모터 / 흡입력: 150W / 먼지통용량: 0.5L / 충전시간: 3시간30분 / 사용시간: 40분 / 배터리: 리튬이온 / 브러쉬: 바닥, 솔형, 틈새, 연장관 / 거치대 / 디스플레이표시창 / 프리볼트 / 무게: 2.57kg / 색상:틸민트 / 소비전력: 410W / 알레르기인증(BAF) / 미세먼지인증(SLG) / 크기(가로x세로x깊이): 250x1123x215mm / [VCA-SAE90A] 청정스테이션 / 색상: 화이트 / 크기(가로x세로x깊이): 185x600x180mm","494,950원"
200,삼성전자 VC-PS86,핸디/스틱청소기 / 핸디+스틱형 / 무선형 / 충전시간: 5시간 / 사용시간: 15분 / 배터리: 니켈수소 / 배터리잔량표시 / 무게: 1.2kg / 색상:에어본+내츄럴그레이 / 소비전력: 72W / 크기(가로x세로x깊이): 119x121x410mm,"65,930원"
201,DIBEA RQ40,"핸디/스틱청소기 / 핸디+스틱형 / 무선형 / 전압: 29.6V / 헤파필터 / H13급 / 싸이클론 / 5단계여과 / BLDC모터 / 흡입력: 25000Pa / 먼지통용량: 0.5L / 충전시간: 2시간 / 사용시간: 1시간 / 배터리: 리튬이온 / 용량: 2000mAh / 브러쉬: 바닥, 솔형, 틈새, 침구, 연장관 / LED라이트 / 거치대 / 무게: 1.5kg / 색상:메탈릭실버 / 소비전력: 400W / 크기(가로x세로x깊이): 256x1172x217mm","239,540원"
202,엔퓨텍 퓨라이트XD,침구청소기 / 핸디형 / 무선형 / 전압: 12V / 충전시간: 2시간 / 사용시간: 1시간30분 / 용량: 1100mAh / 청소모드: UV살균 / 무게: 0.453kg / 소비전력: 9W / 크기(가로x세로x깊이): 80x530x60mm,"177,950원"
203,신일산업 SVC-1316R,핸디/스틱청소기 / 핸디형 / 무선형 / 충전시간: 8시간 / 사용시간: 9분 / 브러쉬: 틈새 / 거치대 / 무게: 0.66kg / 색상:레드+블랙 / 소비전력: 45W / 크기(가로x세로x깊이): 90x420x90mm,"32,900원"
204,카처 FC5 코드리스,물걸레청소기 / 스틱형 / 물걸레+진공 / 회전식 / 무선형 / 전압: 25.2V / 충전시간: 4시간 / 사용시간: 20분 / 배터리: 리튬이온 / 물통용량: 0.4L / 배터리잔량표시 / 무게: 4.4kg / 색상:옐로우 / 셀프크리닝 / 크기(가로x세로x깊이): 320x1220x270mm,"543,100원"
205,비브르 스톰파워 VE12,"핸디/스틱청소기 / 핸디+스틱형 / 무선형 / 전압: 21.6V / 헤파필터 / H13급 / 흡입력: 12000Pa / 먼지통용량: 0.8L / 충전시간: 4~5시간 / 사용시간: 40분 / 배터리: 리튬이온 / 용량: 2200mAh / 브러쉬: 바닥, 솔형, 틈새, 침구, 연장관 / LED라이트 / 셀프스탠딩 / 무게: 2.3kg / 소비전력: 200W","132,720원"
206,블랙앤데커 DVA315J,"핸디/스틱청소기 / 핸디형 / 무선형 / 전압: 10.8V / 충전시간: 10시간 / 사용시간: 10분 / 배터리: 리튬이온 / 브러쉬: 솔형, 틈새 / 무게: 0.9kg / 색상:블랙+화이트 / 거치대","44,240원"
207,DIBEA TSX-25000A,"핸디/스틱청소기 / 핸디+스틱형 / 무선형 / 전압: 29.6V / 헤파필터 / H13급 / 싸이클론 / BLDC모터 / 흡입력: 25000Pa / 먼지통용량: 0.5L / 충전시간: 2시간 / 사용시간: 45분 / 배터리: 리튬이온 / 용량: 2000mAh / 브러쉬: 바닥, 솔형, 틈새, 침구, 연장관 / LED라이트 / 거치대 / 무게: 1.35kg / 색상:블랙 / 소비전력: 400W / 크기(가로x세로x깊이): 256x1172x217xmm","199,750원"
208,샤오미 DM-FC1001,물걸레청소기 / 스틱형 / 물걸레+진공 / 무선형 / 헤파필터 / BLDC모터 / 충전시간: 3시간 / 사용시간: 25분 / 용량: 2500mAh / 물분사 / 셀프스탠딩 / 배터리잔량표시 / 소비전력: 140W / 색상:화이트 / 오토클리닝 / 크기(가로x세로x깊이): 308x1100x250mm,"347,970원"
209,아로나전자 AL-7100,"핸디/스틱청소기 / 핸디형 / 무선형 / 전압: 7.2V / 충전시간: 8시간 / 사용시간: 8~10분 / 브러쉬: 솔형, 틈새, 연장관 / 거치대 / 무게: 1.4kg / 색상:그레이 / 크기(가로x세로x깊이): 420x138x200mm","49,890원"
210,샤오미 드리미 V9P,"핸디/스틱청소기 / 핸디+스틱형 / 무선형 / 전압: 25.2V / 헤파필터 / 멀티싸이클론 / 5단계여과 / BLDC모터 / 흡입력: 120AW / 흡입력: 20000Pa / 먼지통용량: 0.5L / 충전시간: 3시간30분 / 사용시간: 1시간 / 배터리: 리튬이온 / 용량: 2500mAh / 브러쉬: 바닥, 솔형, 틈새, 침구, 연장관 / 거치대 / 무게: 1.5kg / 색상:화이트 / 소비전력: 400W / 크기(가로x세로): 258x1226mm","148,490원"
211,밀워키 M18 VC-2-0,업소용청소기 / 건습식 / 무선형 / 전압: 18V / 헤파필터 / 탱크용량: 7.5L / 헤파필터 / 사용시간: 30분,"129,720원"
212,삼성전자 제트 VS15R8543S1,"핸디/스틱청소기 / 핸디+스틱형 / 무선형 / 전압: 21.6V / 헤파필터 / 싸이클론 / 5단계여과 / 인버터모터 / 흡입력: 150W / 먼지통용량: 0.5L / 충전시간: 3시간30분 / 사용시간: 40분 / 배터리: 리튬이온 / 브러쉬: 바닥, 솔형, 틈새, 연장관 / 거치대 / 디스플레이표시창 / 프리볼트 / 무게: 2.57kg / 색상:틸민트 / 소비전력: 410W / 알레르기인증(BAF) / 미세먼지인증(SLG) / 크기(가로x세로x깊이): 250x1123x215mm","508,770원"
213,베이스어스 차량용 무선 진공 청소기 A2 (해외구매),"차량용청소기 / 무선 / 흡입력: 5,000Pa / 헤파필터 / 추가노즐: 솔브러쉬 / 사용시간: 18분 / 색상: 그린, 블랙, 화이트 / 60ml 먼지통 / 배터리 표시등","22,030원"
214,삼성전자 제트 VS20T9258SF,"핸디/스틱청소기 / 핸디+스틱형 / 무선형 / 전압: 21.6V / 헤파필터 / 싸이클론 / 5단계여과 / 인버터모터 / 흡입력: 200W / 먼지통용량: 0.5L / 충전시간: 3시간30분 / 사용시간: 2시간 / 배터리: 리튬이온 (2개) / 브러쉬: 바닥, 솔형, 틈새, 침구, 물걸레, 연장관 / 거치대 / 디스플레이표시창 / 프리볼트 / 무게: 2.64kg / 색상:티탄바이올렛 / 소비전력: 550W / 알레르기인증(BAF) / 미세먼지인증(SLG) / 크기(가로x세로x깊이): 250x1123x215mm","943,130원"
215,일렉트로룩스 에르고라피도 파워프로 ZB3426BL,"핸디/스틱청소기 / 핸디+스틱형 / 무선형 / 전압: 18V / 4단계여과 / 먼지통용량: 0.42L / 충전시간: 4시간 / 사용시간: 48분 / 배터리: 리튬이온 / 거치대 / 셀프스탠딩 / 무게: 3.6kg / 색상:사틴화이트 / 알레르기인증(BAF) / 브러쉬: 파워프로롤러, UV베드, 수퍼롱, 사선, 패브릭, 틈새, 플렉시호스","228,410원"
216,삼성전자 파워스틱 VS60K6051KW,"핸디/스틱청소기 / 핸디+스틱형 / 무선형 / 충전시간: 3시간 / 사용시간: 30분 / 배터리: 리튬이온 / 브러쉬: 바닥, 솔형, 틈새 / 무게: 2.7kg / 색상:에어본화이트 / 소비전력: 170W / 크기(가로x세로x깊이): 260x1100x165mm","195,450원"
217,삼성전자 제트 VS20T9213QDCS,"핸디/스틱청소기 / 핸디+스틱형 / 무선형 / 전압: 21.6V / 헤파필터 / 싸이클론 / 5단계여과 / 인버터모터 / 흡입력: 200W / 먼지통용량: 0.5L / 충전시간: 3시간30분 / 사용시간: 1시간 / 배터리: 리튬이온 / 브러쉬: 바닥, 솔형, 틈새, 연장관 / 거치대 / 디스플레이표시창 / 프리볼트 / 무게: 2.64kg / 색상:티탄그레이 / 소비전력: 550W / 알레르기인증(BAF) / 미세먼지인증(SLG) / 크기(가로x세로x깊이): 250x1123x215mm / [VCA-SAE90A] 청정스테이션 / 색상: 블랙 / 크기(가로x세로x깊이): 185x600x180mm","660,330원"
218,샤오미 VIOMI A9 V-HWVC12A,"핸디/스틱청소기 / 핸디+스틱형 / 무선형 / 전압: 25.2V / 헤파필터 / H12급 / 싸이클론 / 5단계여과 / DC모터 / 흡입력: 120AW / 흡입력: 23000Pa / 먼지통용량: 0.4L / 사용시간: 1시간 / 배터리: 리튬이온 / 용량: 2500mAh / 브러쉬: 바닥, 솔형, 틈새, 침구, 연장관 / LED라이트 / 거치대 / 배터리잔량표시 / 프리볼트 / 무게: 1.54kg / 색상:블랙 / 소비전력: 400W / 크기(가로x세로x깊이): 250x1250x235mm","254,400원"
219,신일산업 더쎈 SVC-ECO350,"핸디/스틱청소기 / 핸디+스틱형 / 무선형 / 전압: 21.6V / 헤파필터 / 싸이클론 / 3단계여과 / 먼지통용량: 0.5L / 충전시간: 6시간 / 사용시간: 20분 / 배터리: 리튬이온 / 용량: 2000mAh / 브러쉬: 바닥, 틈새, 침구, 연장관 / LED라이트 / 거치대 / 프리볼트 / 무게: 1.4kg / 색상:블루 / 소비전력: 150W / 크기(가로x세로x깊이): 230x1200x230mm","168,990원"
220,다이슨 V11 토탈클린,"핸디/스틱청소기 / 핸디+스틱형 / 무선형 / 싸이클론 / 흡입력: 185AW / 먼지통용량: 0.54L / 충전시간: 4시간30분 / 사용시간: 1시간 / 거치대 / 도킹스테이션 / 디스플레이표시창 / 무게: 2.95kg / 색상:쿠퍼컬러 / 브러쉬: 소프트롤러클리너헤드, 하이토크드헤드, 콤비네이션툴, 크레비스툴, 미니모터툴, 미니소프트더스팅브러쉬, 매트리스툴, 스터번더트브러쉬, 업탑어답터, 연장호스, 플렉시크레비스툴 / 크기(가로x세로x깊이): 261x1280x250mm","1,133,570원"
221,하이메이드 HV-LJ10W,"핸디/스틱청소기 / 핸디형 / 무선형 / 전압: 11.1V / 헤파필터 / BLDC모터 / 흡입력: 38AW / 흡입력: 1500Pa / 사용시간: 23분 / 배터리: 리튬이온 / 용량: 1950mAh / 브러쉬: 솔형, 틈새 / 거치대 / 무게: 0.55kg / 색상:화이트 / 소비전력: 120W / 크기(가로x세로x깊이): 230x550x430mm","81,690원"
222,머레이 핸디형 무선청소기 HK-6030,"차량용청소기 / 무선 / 흡입력: 2,000Pa / 최대출력: 35W / 헤파필터 / 추가노즐: 틈새, 솔브러쉬 / 사용시간: 20분 / 충전방식: USB C타입 / 색상: 그레이, 그린, 블루, 블랙 / 충전시간: 4시간 / 무게: 366g","30,710원"
223,무선 차량용 청소기 V02 PLUS,"차량용청소기 / 무선 / 흡입력: 8,000Pa / 헤파필터 / 추가노즐: 틈새, 솔브러쉬 / 사용시간: 20분 / 크기 : 191x111x65mm / 무게 : 650g","46,070원"
224,삼성전자 제트 VS20T9259SECS,"핸디/스틱청소기 / 핸디+스틱형 / 무선형 / 전압: 21.6V / 헤파필터 / 싸이클론 / 5단계여과 / 인버터모터 / 흡입력: 200W / 먼지통용량: 0.5L / 충전시간: 3시간30분 / 사용시간: 2시간 / 배터리: 리튬이온 (2개) / 브러쉬: 바닥, 솔형, 틈새, 펫, 물걸레, 연장관 / 거치대 / 디스플레이표시창 / 프리볼트 / 무게: 2.64kg / 색상:티탄민트 / 소비전력: 550W / 알레르기인증(BAF) / 미세먼지인증(SLG) / 크기(가로x세로x깊이): 250x1123x215mm / [VCA-SAE90A] 청정스테이션 / 색상: 블랙 / 크기(가로x세로x깊이): 185x600x180mm","947,420원"
225,삼성전자 제트 VS15T7037P1,"핸디/스틱청소기 / 핸디+스틱형 / 무선형 / 전압: 21.6V / 헤파필터 / 싸이클론 / 5단계여과 / 인버터모터 / 흡입력: 150W / 먼지통용량: 0.5L / 충전시간: 3시간30분 / 사용시간: 40분 / 배터리: 리튬이온 / 브러쉬: 바닥, 솔형, 틈새, 침구, 물걸레, 연장관 / 거치대 / 디스플레이표시창 / 프리볼트 / 무게: 2.54kg / 색상:화이트 / 소비전력: 410W / 알레르기인증(BAF) / 미세먼지인증(SLG) / [VCA-SAE90A] 청정스테이션 / 색상: 화이트 / 크기(가로x세로x깊이): 185x600x180mm","745,150원"
226,SAND FUTURE QC250,"업소용청소기 / 고압세척기 / 무선형 / 연장관 / 작동압력: 25bar / 소비전력: 250W / 무게: 1.4kg / 색상:옐로우 / 브러쉬 : 4in1, 세제분사, 호스","107,900원"
227,웍스 WG620E,업소용청소기 / 고압세척기 / 무선형 / 전압: 20V / 충전시간: 1시간 / 사용시간: 15분 / 작동압력: 24bar / 무게: 1.7kg / 색상:옐로우 / 배터리잔량표시 / 크기(가로x세로x깊이): 919x230x850mm,"145,000원"
228,로보락 H6,"핸디/스틱청소기 / 핸디+스틱형 / 무선형 / 전압: 22.2V / 헤파필터 / H13급 / 싸이클론 / 5단계여과 / BLDC모터 / 흡입력: 150AW / 흡입력: 25000Pa / 먼지통용량: 0.4L / 충전시간: 4시간 / 사용시간: 1시간30분 / 배터리: 리튬폴리머 / 용량: 3610mAh / 브러쉬: 바닥, 솔형, 틈새, 침구, 연장관 / 거치대 / 디스플레이표시창 / 배터리잔량표시 / 무게: 1.4kg / 색상:레드 / 소비전력: 420W","429,000원"
229,신일산업 LCYC913,"핸디/스틱청소기 / 핸디형 / 무선형 / 전압: 7.4V / 헤파필터 / 흡입력: 3500Pa / 충전시간: 3시간 / 사용시간: 20분 / 배터리: 리튬이온 / 용량: 2200mAh / 브러쉬: 솔형, 틈새, 연장관 / 무게: 0.48kg / 색상:블랙 / 소비전력: 100W / 크기(가로x세로): 98x395mm","30,580원"
230,엔퓨텍 퓨라이트ED,침구청소기 / 핸디형 / 무선형 / 전압: 12V / 충전시간: 2시간 / 사용시간: 1시간30분 / 용량: 1100mAh / 청소모드: UV살균 / 무게: 0.388kg / 소비전력: 9W / 크기(가로x세로x깊이): 80x530x60mm,"146,940원"
231,스위스밀리터리 에어슬림 SMA-BV2200,"핸디/스틱청소기 / 핸디+스틱형 / 무선형 / 전압: 18.5V / 헤파필터 / 싸이클론 / 3단계여과 / BLDC모터 / 흡입력: 17000Pa / 먼지통용량: 0.4L / 충전시간: 5시간 / 사용시간: 30분 / 배터리: 리튬이온 / 용량: 2200mAh / LED라이트 / 거치대 / 배터리잔량표시 / 브러쉬: 바닥, 틈새, 에어, 연장관 / 크기(가로x세로x깊이): 80x1040x190mm","587,150원"
232,차량용 무선 청소기A (해외구매),"차량용청소기 / 무선 / 흡입력: 6,000Pa / 최대출력: 120W / LED라이트 / 사용시간: 30분 / 크기: 145x165mm / 무게: 400g","17,970원"
233,블랙앤데커 PV1020,"핸디/스틱청소기 / 핸디형 / 무선형 / 전압: 10.8V / 싸이클론 / 충전시간: 4시간 / 사용시간: 11분 / 배터리: 리튬이온 / 브러쉬: 솔형, 틈새 / 거치대 / 무게: 1.28kg / 색상:블루, 오렌지 / 피벗노즐 / 크기(가로x세로x깊이): 270x170x140mm","58,980원"
234,삼성전자 제트 VS20T8282B2CS,"핸디/스틱청소기 / 핸디+스틱형 / 무선형 / 전압: 21.9V / 헤파필터 / 싸이클론 / 5단계여과 / 인버터모터 / 흡입력: 200W / 먼지통용량: 0.5L / 충전시간: 3시간30분 / 사용시간: 2시간 / 배터리: 리튬이온 (2개) / 브러쉬: 바닥, 솔형, 틈새, 침구, 물걸레 / 거치대 / 디스플레이표시창 / 프리볼트 / 색상:바이올렛 / 소비전력: 550W / 미세먼지인증(SLG) / 크기(가로x세로x깊이): 250x1136x215mm / [VCA-SAE90A] 청정스테이션 / 색상: 블랙 / 크기(가로x세로x깊이): 185x600x180mm","907,600원"
235,삼성전자 제트 VS15R8547S1CW,"핸디/스틱청소기 / 핸디+스틱형 / 무선형 / 전압: 21.6V / 헤파필터 / 싸이클론 / 5단계여과 / 인버터모터 / 흡입력: 150W / 먼지통용량: 0.5L / 충전시간: 3시간30분 / 사용시간: 40분 / 배터리: 리튬이온 / 브러쉬: 바닥, 솔형, 틈새, 물걸레, 연장관 / 거치대 / 디스플레이표시창 / 프리볼트 / 무게: 2.6kg / 색상:틸민트 / 소비전력: 410W / 알레르기인증(BAF) / 미세먼지인증(SLG) / 크기(가로x세로x깊이): 250x1123x215mm / [VCA-SAE90A] 청정스테이션 / 색상: 화이트 / 크기(가로x세로x깊이): 185x600x180mm","549,809원"
236,마끼다 DCL182ZW,핸디/스틱청소기 / 핸디+스틱형 / 무선형 / 충전시간: 22분 / 사용시간: 40분 / 무게: 1.3kg / 색상:화이트 / 크기(가로x세로x깊이): 151x1004x151mm,"41,590원"
237,마끼다 CL100DZ,핸디/스틱청소기 / 핸디형 / 무선형 / 사용시간: 12분 / 배터리: 리튬이온 / 무게: 0.9kg / 색상:화이트,"30,300원"
238,다이슨 V11 COMS,"핸디/스틱청소기 / 핸디+스틱형 / 무선형 / 싸이클론 / 6단계여과 / 흡입력: 220AW / 물통용량: 0.54L / 충전시간: 4시간30분 / 사용시간: 1시간 / 거치대 / 도킹스테이션 / 디스플레이표시창 / 무게: 2.95kg / 색상:블루 / 브러쉬: 소프트롤러클리너헤드, 하이토크클리너헤드, 콤비네이션툴, 크레비스툴, 미니모터툴, 매트리스툴, 스터번더트브러쉬  / 크기(가로x세로x깊이): 261x1261x250mm","871,150원"
239,LG전자 코드제로 이지스틱 S739VA,"핸디/스틱청소기 / 핸디+스틱형 / 무선형 / 전압: 18V / 인버터모터 / 사용시간: 20분 / 브러쉬: 바닥, 솔형, 틈새, 매트리스 / LED라이트 / 색상:빈티지와인 / 소비전력: 190W / 크기(가로x세로x깊이): 270x1105x190mm","310,420원"
240,신일산업 SVC-P60DK,"핸디/스틱청소기 / 핸디+스틱형 / 무선형 / 전압: 18.5V / 헤파필터 / H13급 / 싸이클론 / BLDC모터 / 흡입력: 17000Pa / 먼지통용량: 0.5L / 충전시간: 5시간 / 사용시간: 30분 / 배터리: 리튬이온 / 용량: 2200mAh / LED라이트 / 거치대 / 배터리잔량표시 / 프리볼트 / 무게: 5kg / 색상:다크그레이 / 브러쉬: 바닥, 콤비네이션, 침구, 불어내기, 연장관 / 크기(가로x세로x깊이): 295x739x127mm","196,630원"
241,테팔 에어포스 라이트 TY6545KL,핸디/스틱청소기 / 스틱형 / 무선형 / 전압: 14.4V / 헤파필터 / 싸이클론 / 충전시간: 5시간 / 사용시간: 30분 / 배터리: 리튬이온 / LED라이트 / 배터리잔량표시 / 셀프스탠딩 / 무게: 2.31kg / 색상:블랙 / 크기(가로x세로x깊이): 260x1092x220 mm,"95,040원"
242,블랙앤데커 PV1420MEXT,"핸디/스틱청소기 / 핸디형 / 무선형 / 전압: 14.4V / 싸이클론 / 흡입력: 28AW / 충전시간: 4시간 / 사용시간: 11분 / 배터리: 리튬이온 / 브러쉬: 바닥, 연장관 / 거치대 / 프리볼트 / 무게: 1.33kg / 색상:레드 / 피벗노즐 / 크기(가로x세로x깊이): 270x170x140mm","78,180원"
243,샤오미 FIXNOW XYQX-300E,업소용청소기 / 고압세척기 / 무선형 / 전압: 24V / 용량: 2600mAh / 작동압력: 24bar / 무게: 2.3kg / 크기(가로x세로x깊이): 424x179x90mm,"63,670원"
244,신일산업 SVC-D900RK,핸디/스틱청소기 / 핸디형 / 무선형 / 전압: 7.5V / 먼지통용량: 0.4L / 물통용량: 0.1L / 충전시간: 6시간30분 / 사용시간: 15분 / 용량: 300mAh / 브러쉬: 틈새 / 프리볼트 / 무게: 1kg / 색상:화이트 / 소비전력: 40W / 건습식 / 크기(가로x세로x깊이): 137x405x144mm,"27,590원"
245,아이코넬 VC-K300W,"핸디/스틱청소기 / 핸디+스틱형 / 무선형 / 전압: 22.2V / 헤파필터 / 싸이클론 / 5단계여과 / BLDC모터 / 흡입력: 100AW / 흡입력: 22000Pa / 먼지통용량: 0.8L / 충전시간: 4~5시간 / 사용시간: 40분 / 배터리: 리튬이온 / 용량: 2200mAh / 브러쉬: 바닥, 솔형, 틈새, 연장관 / 거치대 / 무게: 1.45kg / 색상:화이트, 블랙 / 소비전력: 300W / 크기(가로x세로x깊이): 240x1160x112mm","94,900원"
246,아이룸 ASC-079,"핸디/스틱청소기 / 핸디+스틱형 / 유선형 / 헤파필터 / 싸이클론 / 3단계여과 / 브러쉬: 바닥, 솔형, 틈새, 연장관 / 거치대 / 무게: 2.1kg / 소비전력: 500W / 크기(가로x세로x깊이): 230x1050x210mm","57,120원"
247,이마트 일렉트로맨 HS103,"핸디/스틱청소기 / 핸디+스틱형 / 무선형 / 전압: 22.2V / BLDC모터 / 용량: 2000mAh / 브러쉬: 바닥, 솔형, 틈새 / LED라이트 / 거치대 / 프리볼트 / 색상:블랙","97,020원"
248,휴스톰 HS-11000,물걸레청소기 / 스틱형 / 회전식 / 무선형 / 전압: 14.6V / 충전시간: 2시간30분 / 사용시간: 30분 / 배터리: 리튬이온 / 용량: 2750mAh / LED라이트 / 가구손상방지 / 각도조절 / 배터리잔량표시 / 거치대 / 프리볼트 / 무게: 3.7kg / 색상:블랙 / 모터과열방지 / 과충전방지 / 오토스토핑 / 패드: 극세사(벨크로형) / 크기(가로x세로x깊이): 410x1180x205mm,"192,630원"
249,일렉트로룩스 WELL Q7 WQ71-2ESSF,"핸디/스틱청소기 / 핸디+스틱형 / 무선형 / 전압: 21.6V / 싸이클론 / 5단계여과 / 먼지통용량: 0.3L / 충전시간: 4시간30분 / 사용시간: 50분 / 배터리: 리튬이온 / 브러쉬: 바닥, 솔형, 틈새 / LED라이트 / 거치대 / 배터리잔량표시 / 셀프스탠딩 / 무게: 2.8kg / 색상:소프트샌드 / 크기(가로x세로x깊이): 386x692x146mm","293,820원"
250,LG전자 코드제로 A9 A906SM,"핸디/스틱청소기 / 핸디+스틱형 / 무선형 / 전압: 25.55V / 싸이클론 / 5단계여과 / 인버터모터 / 흡입력: 140W / 충전시간: 3시간30분 / 사용시간: 1시간20분 / 배터리: 리튬이온 (2개) / 브러쉬: 바닥, 솔형, 틈새 / 거치대 / 무게: 2.55kg / 색상:매트그레이 / 소비전력: 400W / 알레르기인증(BAF)","539,900원"
251,블랙앤데커 TPV1820RAC,"핸디/스틱청소기 / 핸디+스틱형 / 무선형 / 전압: 18V / 싸이클론 / 2단계여과 / 충전시간: 4시간 / 사용시간: 12분 / 배터리: 리튬이온 / 브러쉬: 바닥, 솔형, 틈새, 연장관 / 거치대 / 프리볼트 / 무게: 1.38kg / 색상:화이트 / 피벗노즐 / 크기(가로x세로x깊이): 270x170x140mm","91,550원"
252,시원코퍼레이션 SRV-2010C,"핸디/스틱청소기 / 핸디형 / 무선형 / 헤파필터 / H13급 / BLDC모터 / 흡입력: 15000Pa / 먼지통용량: 0.09L / 충전시간: 5시간 / 사용시간: 28분 / 용량: 2500mAh / 브러쉬: 솔형, 틈새 / 거치대 / 무게: 0.52kg / 색상:화이트 / 소비전력: 120W / 크기(가로x세로x깊이): 75x415x70mm","62,950원"
253,엑타코 E7,물걸레청소기 / 스틱형 / 회전식 / 무선형 / 전압: 14.8V / 충전시간: 3시간 / 사용시간: 40분 / 배터리: 리튬이온 / 용량: 2600mAh / 물분사 / 각도조절 / 셀프스탠딩 / 무게: 3.2kg / 소비전력: 60W / 패드: 극세사(벨크로형) / 크기(가로x세로x깊이): 400x850x180mm,"175,120원"
254,다이슨 V11 토크 드라이브 플러스,"핸디/스틱청소기 / 핸디+스틱형 / 무선형 / 싸이클론 / 6단계여과 / 흡입력: 220AW / 먼지통용량: 0.54L / 충전시간: 4시간30분 / 사용시간: 1시간 / 거치대 / 도킹스테이션 / 디스플레이표시창 / 무게: 2.97kg / 브러쉬: 하이토크드라이브헤드, 콤비네이션툴, 크레비스툴, 미니모터툴, 퀵릴리즈미니더스팅브러쉬, 매트리스툴, 연장호스 / 크기(가로x세로x깊이): 261x1261x250mm","1,155,870원"
255,LG전자 코드제로 A9 A951,"핸디/스틱청소기 / 핸디+스틱형 / 무선형 / 헤파필터 / 2중터보싸이클론 / 5단계여과 / 인버터모터 / 흡입력: 140W / 충전시간: 3시간30분 / 사용시간: 80분 / 배터리: 리튬이온 (2개) / 브러쉬: 바닥, 솔형, 틈새, 침구, 매트리스, 물걸레 / 거치대 / 물걸레 / 색상:판타지실버 / 소비전력: 450W / 알레르기인증(BAF) / 미세먼지인증(SLG) / 3단계물분사조절 / 크기(가로x세로x깊이): 260x1120x270mm","969,820원"
256,보쉬 글래스 백,핸디/스틱청소기 / 핸디형 / 무선형 / 전압: 3.6V / 충전시간: 3시간 / 사용시간: 30분 / 배터리: 리튬이온 / 배터리잔량표시 / 무게: 0.7kg / 유리창전용 / 폴리퍼파우더코팅,"111,060원"
257,삼성전자 제트 VS20R9044SACS,"핸디/스틱청소기 / 핸디+스틱형 / 무선형 / 전압: 21.9V / 헤파필터 / 싸이클론 / 5단계여과 / 인버터모터 / 흡입력: 200W / 먼지통용량: 0.5L / 충전시간: 3시간30분 / 사용시간: 60분 / 배터리: 리튬이온 / 브러쉬: 바닥, 솔형, 틈새, 침구, 연장관 / 거치대 / 디스플레이표시창 / 프리볼트 / 무게: 2.7kg / 색상:실버+핑크 / 소비전력: 550W / 알레르기인증(BAF) / 미세먼지인증(SLG) / 크기(가로x세로x깊이): 250x1136x215mm / [VCA-SAE90A] 청정스테이션 / 색상: 블랙 / 크기(가로x세로x깊이): 185x600x180mm","743,070원"
258,삼성전자 제트 VS15R8544S4CWB,"핸디/스틱청소기 / 핸디+스틱형 / 무선형 / 전압: 21.6V / 헤파필터 / 싸이클론 / 5단계여과 / 인버터모터 / 흡입력: 150W / 먼지통용량: 0.5L / 충전시간: 3시간30분 / 사용시간: 40분 / 배터리: 리튬이온 (2개) / 브러쉬: 바닥, 솔형, 틈새, 침구, 연장관 / 거치대 / 디스플레이표시창 / 프리볼트 / 무게: 2.57kg / 색상:틸바이올렛 / 소비전력: 410W / 크기(가로x세로x깊이): 250x1123x215mm / [VCA-SAE90B] 청정스테이션 / 색상: 화이트 / 크기(가로x세로x깊이): 185x600x180mm","956,510원"
259,홈마블 H80,"핸디/스틱청소기 / 핸디형 / 무선형 / 전압: 11.1V / 헤파필터 / 싸이클론 / 5단계여과 / BLDC모터 / 흡입력: 6000Pa / 먼지통용량: 0.5L / 충전시간: 5시간 / 사용시간: 30분 / 용량: 2600mAh / 브러쉬: 솔형, 틈새 / 거치대 / 무게: 0.64kg / 색상:화이트 / 소비전력: 75W / 크기(가로x세로x깊이): 65x400x65mm","49,800원"
260,다이슨 V11 컴플리트 엑스트라,"핸디/스틱청소기 / 핸디+스틱형 / 무선형 / 싸이클론 / 흡입력: 185AW / 먼지통용량: 0.54L / 충전시간: 4시간30분 / 사용시간: 1시간 / 거치대 / 도킹스테이션 / 디스플레이표시창 / 무게: 2.95kg / 색상:니켈블루 / 브러쉬: 소프트롤러클리너헤드, 하이토크드라이브헤드, 콤비네이션툴, 크레비스툴, 미니모터툴, 소프트더스팅브러쉬, 매트리스툴 / 크기(가로x세로x깊이): 261x1280x250mm","792,520원"
261,LG전자 코드제로 A9 A947,"핸디/스틱청소기 / 핸디+스틱형 / 무선형 / 헤파필터 / 2중터보싸이클론 / 5단계여과 / 인버터모터 / 충전시간: 3시간30분 / 사용시간: 80분 / 배터리: 리튬이온 (2개) / 브러쉬: 바닥, 솔형, 틈새, 물걸레 / 거치대 / 물걸레 / 무게: 2.7kg / 색상:아이언그레이 / 소비전력: 450W / 3단계물분사조절 / 크기(가로x세로x깊이): 260x1120x270mm","858,220원"
262,삼성전자 파워스틱 VS60K6081KD,"핸디/스틱청소기 / 핸디+스틱형 / 무선형 / 전압: 21.6V / 충전시간: 3시간 / 사용시간: 60분 / 배터리: 리튬이온 / 브러쉬: 바닥, 솔형, 틈새 / 셀프스탠딩 / 무게: 2.7kg / 색상:메탈릭사틴골드 / 소비전력: 170W / 롱리치툴 / 크기(가로x세로x깊이): 260x1100x165mm","215,640원"
263,보쉬 GAS10.8V-LI,핸디/스틱청소기 / 핸디형 / 무선형 / 사용시간: 7분 / 색상:블루 / 크기(가로x세로x깊이): 273x170x77mm,"36,190원"
264,일렉트로룩스 ZB3511DB,"핸디/스틱청소기 / 핸디+스틱형 / 무선형 / 전압: 18V / 4단계여과 / 먼지통용량: 0.42L / 충전시간: 4시간 / 사용시간: 35분 / 배터리: 리튬이온 / 브러쉬: 바닥, 솔형, 틈새 / LED라이트 / 거치대 / 배터리잔량표시 / 브러쉬자동청소 / 셀프스탠딩 / 무게: 2.5kg / 색상:데님블루 / 알레르기인증(BAF) / 크기(가로x세로x깊이): 299x689x165mm","197,630원"
265,아이룸 i10,"핸디/스틱청소기 / 핸디+스틱형 / 무선형 / 전압: 25.9V / 헤파필터 / H13급 / 5단계여과 / BLDC모터 / 흡입력: 25000Pa / 먼지통용량: 0.5L / 충전시간: 4시간 / 사용시간: 30분 / 배터리: 리튬이온 / 용량: 2200mAh / 브러쉬: 바닥, 솔형, 틈새, 침구, 연장관 / LED라이트 / 거치대 / 배터리잔량표시 / 무게: 2.5kg / 색상:화이트, 블루 / 크기(가로x세로x깊이): 240x1140x210mm","197,990원"
266,킴스아이엔씨 바스웰 KSC-5000,"핸디/스틱청소기 / 스틱형 / 무선형 / 전압: 10.8V / 충전시간: 2시간30분 / 사용시간: 2시간 / 배터리: 리튬이온 / 용량: 2000mAh / 브러쉬: 솔형, 연장관 / 프리볼트 / 무게: 0.73kg / 색상:화이트 / 전체방수 / 크기(가로x세로x깊이): 108x350x108mm","81,580원"
267,삼성전자 제트 VS20T9257SD,"핸디/스틱청소기 / 핸디+스틱형 / 무선형 / 전압: 21.6V / 헤파필터 / 싸이클론 / 5단계여과 / 인버터모터 / 흡입력: 200W / 먼지통용량: 0.5L / 충전시간: 3시간30분 / 사용시간: 2시간 / 배터리: 리튬이온 (2개) / 브러쉬: 바닥, 솔형, 틈새, 물걸레, 연장관 / 거치대 / 디스플레이표시창 / 프리볼트 / 무게: 2.64kg / 색상:티탄그레이 / 소비전력: 550W / 알레르기인증(BAF) / 미세먼지인증(SLG) / 크기(가로x세로x깊이): 250x1123x215mm","769,940원"
268,보라산업 파워 당구대 전용 청소기,"핸디/스틱청소기 / 핸디형 / 무선형 / 충전시간: 6~8시간 / 사용시간: 25분 / 브러쉬: 바닥, 틈새 / 거치대 / 무게: 1.278kg / 소비전력: 60W / 크기(가로x세로x깊이): 144x387x136mm","95,160원"
269,삼성전자 제트 VS20T9257SECS,"핸디/스틱청소기 / 핸디+스틱형 / 무선형 / 전압: 21.6V / 헤파필터 / 싸이클론 / 5단계여과 / 인버터모터 / 흡입력: 200W / 먼지통용량: 0.5L / 충전시간: 3시간30분 / 사용시간: 2시간 / 배터리: 리튬이온 (2개) / 브러쉬: 바닥, 솔형, 틈새, 물걸레, 연장관 / 거치대 / 디스플레이표시창 / 프리볼트 / 무게: 2.64kg / 색상:티탄민트 / 소비전력: 550W / 알레르기인증(BAF) / 미세먼지인증(SLG) / 크기(가로x세로x깊이): 250x1123x215mm / [VCA-SAE90A] 청정스테이션 / 색상: 블랙 / 크기(가로x세로x깊이): 185x600x180mm","839,000원"
270,테팔 엑스퍼트 3.60 TY6921,핸디/스틱청소기 / 핸디+스틱형 / 무선형 / 전압: 22V / 싸이클론 / DC모터 / 먼지통용량: 0.5L / 충전시간: 5시간 / 사용시간: 45분 / 배터리: 리튬이온 / 브러쉬: 바닥 / LED라이트 / 거치대 / 배터리잔량표시 / 프리볼트 / 무게: 2.2kg / 색상:블랙+블루,"168,990원"
271,루베크 CM-268,"핸디/스틱청소기 / 핸디형 / 무선형 / 충전시간: 10시간 / 사용시간: 8분 / 브러쉬: 솔형, 틈새 / 거치대 / 색상:레드 / 소비전력: 25W / 건습식 / 크기(가로x세로x깊이): 110x120x390mm","21,510원"
272,인더스 IN-HV7,"핸디/스틱청소기 / 핸디형 / 무선형 / 전압: 10.8V / 헤파필터 / 흡입력: 6000Pa / 먼지통용량: 0.4L / 충전시간: 5시간 / 사용시간: 20분 / 용량: 2200mAh / 브러쉬: 솔형, 틈새 / 거치대 / 색상:화이트+블랙 / 크기(가로x세로x깊이): 412x248x230mm","30,820원"
273,에이스전자 에이스 K7,"핸디/스틱청소기 / 핸디+스틱형 / 무선형 / 전압: 25.2V / 헤파필터 / 싸이클론 / 5단계여과 / BLDC인버터모터 / 흡입력: 20000Pa / 충전시간: 3시간30분 / 사용시간: 1시간10분 / 배터리: 리튬이온 / 용량: 2400mAh / 브러쉬: 바닥, 솔형, 틈새, 연장관 / 거치대 / 셀프스탠딩 / 프리볼트 / 무게: 2.9kg / 색상:실버 / 소비전력: 250W / 크기(가로x세로x깊이): 240x1115x170mm","335,160원"
274,다이슨 V7 플러피,"핸디/스틱청소기 / 핸디+스틱형 / 무선형 / 전압: 21.6V / 싸이클론 / 흡입력: 100AW / 충전시간: 3시간30분 / 사용시간: 30분 / 배터리: 리튬이온 / 도킹스테이션 / 무게: 2.32kg / 소비전력: 350W / 브러쉬: 소프트롤러클리너헤드, 미니모토라이즈드툴, 콤비네이션툴, 크레비스툴, 미니소프트더스팅브러쉬툴 / 크기(가로x세로x깊이): 250x1243x210mm","448,940원"
275,원더스리빙 원더스 다이나킹 Z4,"핸디/스틱청소기 / 핸디+스틱형 / 무선형 / 전압: 21.6V / 헤파필터 / H13급 / 싸이클론 / 4단계여과 / BLDC모터 / 흡입력: 18000Pa / 먼지통용량: 0.35L / 충전시간: 4~5시간 / 사용시간: 30분 / 배터리: 리튬이온 / 브러쉬: 바닥, 솔형, 틈새, 침구, 연장관 / 거치대 / 배터리잔량표시 / 무게: 2.65kg / 소비전력: 250W / 크기(가로x세로x깊이): 242x1155x235mm","77,420원"
276,삼성전자 제트 VS15R8548S5CW,"핸디/스틱청소기 / 핸디+스틱형 / 무선형 / 전압: 21.6V / 헤파필터 / 싸이클론 / 5단계여과 / 인버터모터 / 흡입력: 150W / 먼지통용량: 0.5L / 충전시간: 3시간30분 / 사용시간: 40분 / 배터리: 리튬이온 / 브러쉬: 바닥, 솔형, 틈새, 침구, 물걸레, 연장관 / 거치대 / 디스플레이표시창 / 프리볼트 / 무게: 2.57kg / 색상:틸실버 / 소비전력: 410W / 크기(가로x세로x깊이): 250x1123x215mm / [VCA-SAE90A] 청정스테이션 / 색상: 화이트 / 크기(가로x세로x깊이): 185x600x180mm","658,240원"
277,샤오미 FG2020,핸디/스틱청소기 / 스틱형 / 무선형 / 전압: 29.6V / 흡입력: 7200Pa / 충전시간: 2~3시간 / 사용시간: 25분 / 용량: 2500mAh / 물걸레 / 배터리잔량표시 / 무게: 5kg / 색상:화이트 / 소비전력: 140W / 크기(가로x세로x깊이): 308x1100x250mm,"210,810원"
278,삼성전자 제트 VS20T9279S6,"핸디/스틱청소기 / 핸디+스틱형 / 무선형 / 전압: 21.9V / 헤파필터 / 싸이클론 / 5단계여과 / 인버터모터 / 흡입력: 200W / 먼지통용량: 0.5L / 충전시간: 3시간30분 / 사용시간: 2시간 / 배터리: 리튬이온 (2개) / 브러쉬: 바닥, 솔형, 틈새, 펫, 물걸레, 연장관 / 거치대 / 디스플레이표시창 / 프리볼트 / 색상:티탄블루 / 소비전력: 550W / 미세먼지인증(SLG) / 크기(가로x세로x깊이): 250x1136x215mm","827,410원"
279,차량용 무선 핸디용 청소기 (해외구매),"차량용청소기 / 무선 / 흡입력: 6,000Pa / 최대출력: 120W / 헤파필터 / 사용시간: 25분 / 크기: 65x370mm","22,270원"
280,다이슨 V10 플러피,"핸디/스틱청소기 / 핸디+스틱형 / 무선형 / 전압: 25.2V / 싸이클론 / 충전시간: 3시간30분 / 사용시간: 60분 / 도킹스테이션 / 무게: 2.5kg / 소비전력: 525W / 브러쉬: 소프트롤러클리너헤드, 미니모터라이즈드툴, 미니소프트더스팅브러쉬툴, 콤비네이션툴, 크레비스툴 / 크기(가로x세로x깊이): 250x1241x256mm","592,200원"
281,신일산업 SVC-9958PNX,"핸디/스틱청소기 / 핸디+스틱형 / 무선형 / 전압: 18.5V / 싸이클론 / 4단계여과 / BLDC모터 / 흡입력: 17000Pa / 먼지통용량: 0.5L / 충전시간: 5시간 / 사용시간: 30분 / 배터리: 리튬이온 / 용량: 2200mAh / 브러쉬: 바닥, 솔형, 틈새, 침구, 연장관 / LED라이트 / 거치대 / 배터리잔량표시 / 프리볼트 / 무게: 2kg / 색상:화이트 / 소비전력: 180W / 블로워툴 / 크기(가로x세로x깊이): 274x1150x250mm","179,000원"
282,일렉트로룩스 퓨어 F9 PF91-6XRF,"핸디/스틱청소기 / 스틱형 / 무선형 / 전압: 36V / 싸이클론 / 5단계여과 / 충전시간: 6시간 / 사용시간: 60분 / 배터리: 리튬이온 / LED라이트 / 거치대 / 배터리잔량표시 / 셀프스탠딩 / 무게: 4.1kg / 색상:칠리레드 / 알레르기인증(BAF) / 브러쉬: 침구, 3in1 / 플렉스리프트 / 바닥감지 / 크기(가로x세로x깊이): 215x1200x249mm","387,500원"
283,카처 FC 3D 코드리스,물걸레청소기 / 스틱형 / 물걸레+진공 / 회전식 / 무선형 / 전압: 7.2V / 충전시간: 4시간 / 사용시간: 20분 / 배터리: 리튬이온 / 물통용량: 0.36L / 배터리잔량표시 / 거치대 / 무게: 2.5kg / 색상:옐로우 / 크기(가로x세로x깊이): 226x1170x305mm,"324,570원"
284,엔퓨텍 퓨라이트에어XD,침구청소기 / 핸디형 / 무선형 / 전압: 12V / 충전시간: 2시간 / 사용시간: 1시간30분 / 용량: 1100mAh / 청소모드: UV살균 / 무게: 0.453kg / 소비전력: 9W / 크기(가로x세로x깊이): 80x530x60mm,"234,310원"
285,블랙앤데커 TPD1810BGEXT,"핸디/스틱청소기 / 핸디+스틱형 / 무선형 / 전압: 18V / 싸이클론 / 2단계여과 / 먼지통용량: 0.56L / 충전시간: 4시간 / 사용시간: 13분29초 / 배터리: 리튬이온 / 브러쉬: 바닥, 틈새, 연장관 / 거치대 / 프리볼트 / 무게: 1.47kg / 색상:블랙 / 크기(가로x세로x깊이): 130x235x150mm","79,000원"
286,한샘 스톰건 V12 VC-R201,"핸디/스틱청소기 / 핸디+스틱형 / 무선형 / 전압: 21.5V / 싸이클론 / 3단계여과 / BLDC모터 / 흡입력: 20000Pa / 먼지통용량: 0.6L / 충전시간: 4~5시간 / 사용시간: 35분 / 배터리: 리튬이온 / 용량: 2000mAh / LED라이트 / 거치대 / 무게: 2.5kg / 색상:블루 / 브러쉬: 바닥, 3IN1,  쇼파, 코너, 침구, 연장관  / 크기(가로x세로x깊이): 210x1040x104mm","184,800원"
287,엔퓨텍 퓨라이트에어ED,침구청소기 / 핸디형 / 무선형 / 전압: 12V / 충전시간: 2시간 / 사용시간: 1시간30분 / 용량: 1100mAh / 청소모드: UV살균 / 무게: 0.388kg / 소비전력: 9W / 크기(가로x세로x깊이): 80x530x60mm,"178,000원"
288,유니맥스 블랙라벨 UVC-1819B,"핸디/스틱청소기 / 핸디+스틱형 / 무선형 / 전압: 22.2V / 헤파필터 / 싸이클론 / 충전시간: 4시간 / 사용시간: 20~30분 / 배터리: 리튬이온 / 브러쉬: 바닥, 솔형, 틈새, 연장관 / LED라이트 / 거치대 / 배터리잔량표시 / 색상:화이트+블루, 화이트+오렌지 / 소비전력: 140W","73,210원"
289,스위스밀리터리 SMA-WV850D,물걸레청소기 / 스틱형 / 회전식 / 무선형 / 전압: 14.8V / 충전시간: 4시간 / 사용시간: 45분 / 배터리: 리튬이온 / 용량: 2200mAh / 물분사 / LED라이트 / 각도조절 / 셀프스탠딩 / 패드: 극세사(벨크로형) / 크기(가로x세로x깊이): 400x1280x210mm,"64,430원"
290,대우어플라이언스 아쿠아젯 DEX-WC130,물걸레청소기 / 스틱형 / 회전식 / 무선형 / 전압: 11.1V / 충전시간: 5시간 / 사용시간: 1시간 / 용량: 2200mAh / 물분사 / 각도조절 / 셀프스탠딩 / 무게: 1.7kg / 소비전력: 44W / 색상:화이트 / 크기(가로x세로): 160x1140mm,"83,000원"
291,삼성전자 파워스틱 VS03R6523J2,"핸디/스틱청소기 / 핸디+스틱형 / 무선형 / 전압: 21.6V / 헤파필터 / 먼지통용량: 0.25L / 배터리: 리튬이온 / 브러쉬: 바닥, 틈새, 연장관 / 셀프스탠딩 / 프리볼트 / 무게: 2.8kg / 색상:메탈블랙 / 소비전력: 170W / 크기(가로x세로x깊이): 250x1130x225mm","266,850원"
292,신일산업 SVC-S4800SJ,"핸디/스틱청소기 / 핸디형 / 무선형 / 전압: 4.8V / 싸이클론 / 흡입력: 60W / 충전시간: 8시간 / 사용시간: 9분 / 브러쉬: 바닥, 틈새, 연장관 / 거치대 / 색상:블랙+레드 / 크기(가로x세로x깊이): 200x138x400mm","37,380원"
293,테팔 엑스퍼트 3.60 TY6933,"핸디/스틱청소기 / 핸디+스틱형 / 무선형 / 전압: 22V / 싸이클론 / DC모터 / 먼지통용량: 0.5L / 충전시간: 5시간 / 사용시간: 45분 / 배터리: 리튬이온 / 브러쉬: 바닥, 솔형, 틈새 / LED라이트 / 거치대 / 배터리잔량표시 / 프리볼트 / 무게: 2.2kg / 색상:블랙","236,540원"
294,델첸 퍼스널 무선 미니 차량용 핸디청소기 DC-C01,"차량용청소기 / 무선 / 흡입력: 6,200Pa / 최대출력: 70W / 2중필터 / 헤파필터 / 추가노즐: 틈새, 솔브러쉬 / 사용시간: 18분 / 충전시간: 1시간30분~2시간 / 충전방식: USB C타입 / 크기: 73x305mm / 무게: 703g","53,100원"
295,다이슨 V11 플러피+,"핸디/스틱청소기 / 핸디+스틱형 / 무선형 / 싸이클론 / 6단계여과 / 흡입력: 220AW / 먼지통용량: 0.54L / 충전시간: 4시간30분 / 사용시간: 1시간 / 거치대 / 도킹스테이션 / 디스플레이표시창 / 색상:핑크 / 소비전력: 545W / 브러쉬: 소프트롤러클리너헤드, 콤비네이션툴, 크레비스툴, 미니모터툴, 퀵릴리즈미니소프트더스팅브러쉬, 매트리스툴, 업탑어댑터, 연장호스  / 크기(가로x세로x깊이): 261x1261x250mm","1,118,550원"
296,리빙코리아 웰스톰 VC150,"핸디/스틱청소기 / 핸디+스틱형 / 무선형 / 전압: 22.2V / 헤파필터 / H13급 / 3단계여과 / 흡입력: 160AW / 충전시간: 5시간 / 사용시간: 35분 / 용량: 2000mAh / 브러쉬: 바닥, 솔형, 틈새, 물걸레 / LED라이트 / 거치대 / 배터리잔량표시 / 무게: 2.3kg","168,990원"
297,테팔 에어포스360 TY7233KO,"핸디/스틱청소기 / 핸디+스틱형 / 무선형 / 전압: 22V / 싸이클론 / DC모터 / 먼지통용량: 0.5L / 충전시간: 5시간 / 사용시간: 45분 / 배터리: 리튬이온 / 용량: 2000mAh / 브러쉬: 바닥, 솔형, 틈새 / LED라이트 / 거치대 / 프리볼트 / 무게: 2.2kg / 색상:블랙","214,620원"
298,원더스리빙 원더스 다이나킹 Z7,"핸디/스틱청소기 / 핸디+스틱형 / 무선형 / 전압: 22.2V / 헤파필터 / H13급 / 싸이클론 / 4단계여과 / BLDC모터 / 흡입력: 20000Pa / 충전시간: 4시간30분 / 사용시간: 45분 / 배터리: 리튬이온 / 용량: 2000mAh / 브러쉬: 바닥, 솔형, 틈새, 연장관 / LED라이트 / 거치대 / 먼지감지센서 / 무게: 2.4kg / 소비전력: 250W / 크기(가로x세로x깊이): 245x1170x210mm","99,000원"
299,일렉트로룩스 퓨어 Q9 PQ91-3BW,"핸디/스틱청소기 / 핸디+스틱형 / 무선형 / 전압: 25.2V / 싸이클론 / 5단계여과 / 먼지통용량: 0.3L / 충전시간: 4시간 / 사용시간: 55분 / 배터리: 리튬이온 / LED라이트 / 거치대 / 브러쉬자동청소 / 셀프스탠딩 / 무게: 2.75kg / 색상:사틴화이트 / 브러쉬: 바닥, UV베드, 틈새, 더스팅, 슈퍼롱, 사선 / 크기(가로x세로x깊이): 256x1100x130mm","328,810원"
300,다이슨 V10 카본파이버 프로,"핸디/스틱청소기 / 핸디+스틱형 / 무선형 / 전압: 25.2V / 싸이클론 / 흡입력: 160AW / 먼지통용량: 0.54L / 충전시간: 3시간30분 / 사용시간: 1시간 / 배터리: 리튬이온 / 도킹스테이션 / 무게: 2.5kg / 소비전력: 525W / 브러쉬: 소프트롤러헤드, 토크드라이브클리너헤드, 콤비네이션툴, 크레비스툴, 미니모터툴, 플렉시크레비스툴, 소프트더스팅브러시, 업탑어댑터, 스터번더트브러쉬툴 / 크기(가로x세로x깊이): 256x1241x250mm","839,570원"
301,보만 VC7210,"핸디/스틱청소기 / 핸디+스틱형 / 무선형 / 전압: 1.2V / 헤파필터 / 충전시간: 10시간 / 사용시간: 10~15분 / 브러쉬: 바닥, 틈새, 연장관 / 무게: 0.8kg / 색상:블랙+오렌지 / 크기(가로x세로x깊이): 145x440x115mm","37,900원"
302,일렉트로룩스 퓨어 Q9 PQ92-3EMF,"핸디/스틱청소기 / 핸디+스틱형 / 무선형 / 전압: 25.2V / 싸이클론 / 5단계여과 / 먼지통용량: 0.3L / 충전시간: 4시간 / 사용시간: 53분 / 배터리: 리튬이온 / 브러쉬: 바닥, 솔형, 틈새 / LED라이트 / 거치대 / 셀프스탠딩 / 무게: 2.89kg / 색상:마호가니브론즈 / 크기(가로x세로x깊이): 256x1097x155mm","387,780원"
303,티피오스 디제로 D2,"핸디/스틱청소기 / 핸디형 / 무선형 / 전압: 7.4V / 흡입력: 5900Pa / 먼지통용량: 0.1L / 충전시간: 2시간30분 / 사용시간: 15분 / 배터리: 리튬이온 / 용량: 2000mAh / 브러쉬: 솔형, 틈새 / 무게: 0.55kg / 색상:블랙 / 에어컴프레셔","49,480원"
304,일렉트로룩스 에르고라피도 파워프로 ZB3414AK,"핸디/스틱청소기 / 핸디+스틱형 / 무선형 / 전압: 18V / 4단계여과 / 먼지통용량: 0.42L / 충전시간: 4시간 / 사용시간: 48분 / 배터리: 리튬이온 / 거치대 / 셀프스탠딩 / 무게: 3.3kg / 색상:소프트핑크 / 알레르기인증(BAF) / 브러쉬: 파워프로롤러, 베드프로미니, 수퍼롱, 패브릭, 틈새, 플렉시호스","212,750원"
305,일렉트로룩스 퓨어 F9 PF91-5OGF,핸디/스틱청소기 / 스틱형 / 무선형 / 전압: 32.4V / 5단계여과 / 충전시간: 6시간 / 사용시간: 55분 / 배터리: 리튬이온 / LED라이트 / 거치대 / 배터리잔량표시 / 셀프스탠딩 / 무게: 4.1kg / 색상:아이언그레이 / 알레르기인증(BAF) / 브러쉬: 3in1 / 플렉스리프트 / 크기(가로x세로x깊이): 215x1200x249mm,"295,130원"
306,삼성전자 제트 VS15R8548S5,"핸디/스틱청소기 / 핸디+스틱형 / 무선형 / 전압: 21.6V / 헤파필터 / 싸이클론 / 5단계여과 / 인버터모터 / 흡입력: 150W / 먼지통용량: 0.5L / 충전시간: 3시간30분 / 사용시간: 40분 / 배터리: 리튬이온 / 브러쉬: 바닥, 솔형, 틈새, 침구, 물걸레, 연장관 / 거치대 / 디스플레이표시창 / 프리볼트 / 무게: 2.57kg / 색상:틸실버 / 소비전력: 410W / 크기(가로x세로x깊이): 250x1123x215mm","626,710원"
307,차량 미니 청소기 (해외구매),"차량용청소기 / 무선 / 헤파필터 / 추가노즐: 틈새, 솔브러쉬 / 코드길이: 4.5m / 색상: 블랙, 화이트 / 크기: 54x215mm","13,650원"
308,아이코넬 차량용 미니 무선청소기 VC-A100W,"차량용청소기 / 무선 / 흡입력: 13,000Pa / 최대출력: 100W / 2중필터 / 헤파필터 / 추가노즐: 틈새, 솔브러쉬, 연장호스 / 사용시간: 35분 / 충전시간: 5시간 / 충전방식: 200V / 크기: 500x90mm / 무게 : 850g","89,000원"
309,DIBEA NEW S9,"핸디/스틱청소기 / 핸디+스틱형 / 무선형 / 전압: 22.2V / 헤파필터 / H13급 / 싸이클론 / 4단계여과 / BLDC모터 / 흡입력: 22000Pa / 먼지통용량: 0.55L / 충전시간: 5시간 / 사용시간: 30분 / 배터리: 리튬이온 / 용량: 2200mAh / 브러쉬: 바닥, 솔형, 틈새 / LED라이트 / 거치대 / 무게: 2.2kg / 소비전력: 250W / 크기(가로x세로x깊이): 240x1040x212mm","175,950원"
310,블랙앤데커 DVC320B24,"핸디/스틱청소기 / 핸디형 / 무선형 / 전압: 10.8V / BLDC모터 / 흡입력: 35AW / 먼지통용량: 0.12L / 충전시간: 4시간 / 사용시간: 25분 / 배터리: 리튬이온 / 브러쉬: 솔형, 틈새 / 거치대 / 프리볼트 / 무게: 1.25kg / 색상:로즈골드","143,100원"
311,캐치웰 CV8 LIGHT,"핸디/스틱청소기 / 핸디+스틱형 / 무선형 / 전압: 22.2V / 헤파필터 / 싸이클론 / 3단계여과 / BLDC모터 / 흡입력: 20000Pa / 충전시간: 4시간 / 사용시간: 30분 / 배터리: 리튬이온 / 용량: 2200mAh / 브러쉬: 바닥, 솔형, 틈새, 침구 / LED라이트 / 거치대 / 배터리잔량표시 / 무게: 1.24kg / 색상:골드 / 소비전력: 200W","169,000원"
312,LG전자 코드제로 T9,"진공청소기 / 무선형 / 2중터보싸이클론 / 헤파필터 / 7단계여과 / 인버터모터 / 흡입력: 250W / 먼지통 / 먼지통용량: 1.5L / 먼지압축 / 오토무빙 / 브러쉬: 플로어 / 보조브러쉬: 틈새, 솔형, 침구용 / 소비전력: 850W / 색상:판타지실버 / 알레르기인증(BAF) / 미세먼지인증(SLG) / 무게중심센서 / 거리유지센서 / 충돌감지센서 / 크기(가로x세로x깊이): 290x401x327mm","1,436,800원"
313,다이슨 V10 플러피 프로,"핸디/스틱청소기 / 핸디+스틱형 / 무선형 / 전압: 25.2V / 싸이클론 / 먼지통용량: 0.54L / 충전시간: 3시간30분 / 사용시간: 60분 / 배터리: 리튬이온 / 무게: 2.5kg / 색상:레드 / 소비전력: 525W / 브러쉬: 소프트롤러클리너헤드, 미니모터헤드, 소소프트더스팅브러시, 콤비네이션툴, 크레비스툴. 매트리스툴, 스터번더트브러쉬, 업탑어댑터, 연장호스 / 크기(가로x세로x깊이): 250x1241x256mm","599,000원"
314,휴스톰 HS-1100W,물걸레청소기 / 스틱형 / 회전식 / 무선형 / 전압: 7.3V / 충전시간: 4시간 / 사용시간: 1시간 / 배터리: 리튬이온 / 용량: 2750mAh / 각도조절 / 무게: 1.6kg / 색상:화이트 / 모터과열방지 / 과충전방지 / 오토스토핑 / 패드: 극세사(벨크로형) / 크기(가로x세로x깊이): 290x1070x140mm,"125,390원"
315,일렉트로룩스 라피도 ZB6108,핸디/스틱청소기 / 핸디형 / 무선형 / 전압: 10.8V / 싸이클론 / 3단계여과 / 충전시간: 4시간 / 사용시간: 23분 / 배터리: 리튬이온 / 브러쉬: 틈새 / 무게: 1.1kg / 색상:초코릿브라운 메탈릭 / 5단계각도조절 / 바퀴 / 크기(가로x세로x깊이): 410x137x124mm,"72,860원"
316,아이룸 RS1,"핸디/스틱청소기 / 핸디+스틱형 / 무선형 / 전압: 25.9V / 헤파필터 / 싸이클론 / 4단계여과 / 흡입력: 25000Pa / 먼지통용량: 0.8L / 충전시간: 4시간30분 / 사용시간: 40분 / 배터리: 리튬이온 / 용량: 2200mAh / 브러쉬: 바닥, 솔형, 틈새, 침구, 연장관 / 거치대 / 배터리잔량표시 / 무게: 2.48kg / 색상:레드 / 크기(가로x세로x깊이): 230x1150x210mm","159,800원"
317,DIBEA NEW X10 플러스,"핸디/스틱청소기 / 핸디+스틱형 / 무선형 / 전압: 22.2V / 싸이클론 / 4단계여과 / 흡입력: 19000Pa / 먼지통용량: 0.55L / 충전시간: 4~5시간 / 사용시간: 30분 / 배터리: 리튬이온 / 용량: 2200mAh / 브러쉬: 바닥, 솔형, 틈새, 연장관 / 거치대 / 무게: 2.3kg / 색상:블루 / 소비전력: 250W / 크기(가로x세로x깊이): 240x1040x212mm","169,000원"
318,레이캅 RX-100KRWH,"침구청소기 / 핸디형 / 무선형 / 전압: 25.2V / 사용시간: 40분 / 청소모드: 온풍, UV살균, 진동, 흡입 / 진동수: 45000회(분당) / 헤파필터 / H13급 / 대상감지센서 / 필터교체알림 / 항균브러시 / 거치대 / 무게: 1.4kg / 소비전력: 350W / 색상:화이트 / 흡착방지 / 필터감지센서 / 크기(가로x세로x깊이): 353.5x166.3x440.2mm","367,200원"
319,삼성전자 제트 VS15R8577S5CW,"핸디/스틱청소기 / 핸디+스틱형 / 무선형 / 전압: 21.6V / 헤파필터 / 싸이클론 / 5단계여과 / 인버터모터 / 흡입력: 150W / 먼지통용량: 0.5L / 충전시간: 3시간30분 / 사용시간: 1시간20분 / 배터리: 리튬이온 (2개) / 브러쉬: 바닥, 솔형, 틈새, 물걸레 / 거치대 / 디스플레이표시창 / 프리볼트 / 무게: 2.57kg / 색상:틸실버 / 소비전력: 410W / 알레르기인증(BAF) / 미세먼지인증(SLG) / 크기(가로x세로x깊이): 250x1123x215mm / [VCA-SAE90B] 청정스테이션 / 색상: 화이트 / 크기(가로x세로x깊이): 185x600x180mm","698,210원"
320,휴스톰 HS-9600,물걸레청소기 / 스틱형 / 회전식 / 무선형 / 전압: 16.8V / 충전시간: 4시간 / 사용시간: 30분 / 배터리: 리튬이온 / LED라이트 / 가구손상방지 / 각도조절 / 색상:화이트 / 모터과열방지 / 과충전방지 / 오토스토핑 / 패드: 극세사(벨크로형),"146,200원"
321,제이케이컴즈 본스펙 차량용 무선청소기 PA8000,"차량용청소기 / 무선 / 흡입력: 6,000Pa / 헤파필터 / 추가노즐: 틈새, 솔브러쉬 / 사용시간: 20분 / 색상: 블랙, 화이트 / 크기: 73x73x305mm / 무게: 703g","49,800원"
322,일렉트로룩스 WELL Q6 WQ61-1EDBF,"핸디/스틱청소기 / 핸디+스틱형 / 무선형 / 전압: 18V / 싸이클론 / 5단계여과 / 먼지통용량: 0.3L / 충전시간: 4시간30분 / 사용시간: 45분 / 배터리: 리튬이온 / 브러쉬: 바닥, 솔형, 틈새 / LED라이트 / 거치대 / 배터리잔량표시 / 셀프스탠딩 / 무게: 2.65kg / 색상:데님블루 / 크기(가로x세로x깊이): 258x1105x140mm","303,050원"
323,DIBEA P20 MAX,"핸디/스틱청소기 / 핸디+스틱형 / 무선형 / 전압: 22.2V / 헤파필터 / 싸이클론 / 3단계여과 / BLDC모터 / 흡입력: 17000Pa / 먼지통용량: 0.5L / 충전시간: 4~5시간 / 배터리: 리튬이온 / 용량: 2200mAh / 브러쉬: 바닥, 솔형, 틈새, 연장관 / LED라이트 / 거치대 / 무게: 2.5kg / 색상:화이트 / 소비전력: 160W / 크기(가로x세로x깊이): 230x1050x120mm","92,500원"
324,샤오미 ST 5세대 차량용 청소기 (해외구매),"차량용청소기 / 무선 / 헤파필터 / 추가노즐: 틈새, 솔브러쉬, 연장호스 / 충전시간: 3시간 / 크기: 188mm","30,370원"
325,신일산업 SVC-S500YT,"핸디/스틱청소기 / 핸디형 / 무선형 / 전압: 4.8V / 싸이클론 / 흡입력: 60W / 충전시간: 8시간 / 사용시간: 9분 / 브러쉬: 바닥, 틈새, 연장관 / 거치대 / 색상:레드+블랙 / 크기(가로x세로x깊이): 400x138x200mm","32,040원"
326,마끼다 CL106FD,핸디/스틱청소기 / 핸디+스틱형 / 무선형 / 전압: 12V / 충전시간: 1시간 / 사용시간: 40분 / 배터리: 리튬이온 / LED라이트 / 무게: 0.9kg / 색상:화이트,"48,710원"
327,써바스 ZB10-54HFS,"핸디/스틱청소기 / 핸디+스틱형 / 무선형 / 전압: 22.2V / 헤파필터 / DC모터 / 흡입력: 8000Pa / 먼지통용량: 0.4L / 충전시간: 5시간 / 사용시간: 1시간 / 배터리: 리튬이온 / 용량: 2200mAh / 브러쉬: 바닥, 솔형, 틈새, 침구, 물걸레, 연장관 / LED라이트 / 거치대 / 무게: 1.3kg / 색상:블랙 / 소비전력: 120W / 크기(가로x세로x깊이): 256x1180x195mm","170,110원"
328,아이코넬 차량용 청소기 ICL-V01,"차량용청소기 / 유무선 / 12V / 흡입력: 5,000Pa / 최대출력: 120W / 헤파필터 / 스테인리스 필터 / 추가노즐: 틈새, 솔브러쉬, 연장호스 / 사용시간: 30분 / 코드길이: 4.5m / 색상: 네이비, 블랙 / 크기: 375x84x86mm","44,840원"
329,휴스톰 HS-10000W,물걸레청소기 / 스틱형 / 회전식 / 무선형 / 전압: 14.6V / 충전시간: 2시간30분 / 사용시간: 30분 / 배터리: 리튬이온 / 용량: 2750mAh / LED라이트 / 가구손상방지 / 각도조절 / 셀프스탠딩 / 배터리잔량표시 / 프리볼트 / 무게: 3.7kg / 색상:화이트 / 모터과열방지 / 과충전방지 / 오토스토핑 / 패드: 극세사(벨크로형) / 크기(가로x세로x깊이): 410x1020x205mm,"179,500원"
330,삼성전자 제트 VS20T9222K2,"핸디/스틱청소기 / 핸디+스틱형 / 무선형 / 전압: 21.9V / 헤파필터 / 싸이클론 / 5단계여과 / 인버터모터 / 흡입력: 200W / 먼지통용량: 0.5L / 충전시간: 3시간30분 / 사용시간: 1시간 / 배터리: 리튬이온 / 브러쉬: 바닥, 솔형, 틈새, 펫, 물걸레, 연장관 / 거치대 / 디스플레이표시창 / 프리볼트 / 무게: 2.73kg / 색상:티탄모노크롬 / 소비전력: 550W / 알레르기인증(BAF) / 미세먼지인증(SLG) / 크기(가로x세로x깊이): 250x1136x215mm","849,000원"
331,샤오미 로이드미 핸디 청소기 NANO (해외구매),"차량용청소기 / 무선 / 흡입력: 6,000Pa / 최대출력: 60W / 헤파필터 / LED라이트 / 사용시간: 25분 / 크기: 275x60mm / 무게: 500g / 색상: 블랙, 화이트","28,380원"
332,툴앤툴 코드프리 P10,"핸디/스틱청소기 / 핸디+스틱형 / 무선형 / 전압: 21.6V / 헤파필터 / H13급 / 싸이클론 / BLDC모터 / 흡입력: 19000Pa / 먼지통용량: 0.5L / 충전시간: 4~5시간 / 사용시간: 30분 / 배터리: 리튬이온 / 용량: 2000mAh / 브러쉬: 바닥, 솔형, 틈새, 연장관 / LED라이트 / 무게: 2.5kg / 색상:화이트+블루 / 소비전력: 250W","99,000원"
333,샤오미 이지에 YE-01,핸디/스틱청소기 / 핸디+스틱형 / 무선형 / 전압: 12V / 먼지통용량: 0.35L / 충전시간: 2~3시간 / 사용시간: 2시간 / 배터리: 리튬이온 / 용량: 2000mAh / 배터리잔량표시 / 소비전력: 350W / 변환어댑터: 필요 / 크기(가로x세로x깊이): 270x1060x170mm,"28,500원"
334,일렉트로룩스 에르고라피도 ZB3104,핸디/스틱청소기 / 핸디+스틱형 / 무선형 / 전압: 14.4V / 싸이클론 / 3단계여과 / 충전시간: 4시간 / 사용시간: 30분 / 배터리: 리튬이온 / LED라이트 / 배터리잔량표시 / 브러쉬자동청소 / 셀프스탠딩 / 무게: 2.5kg / 색상:아이스 화이트 / 크기(가로x세로x깊이): 263x1070x150mm,"132,700원"
335,샤오미 로이드미 넥스 XCQ06RM,"핸디/스틱청소기 / 핸디+스틱형 / 무선형 / 헤파필터 / 싸이클론 / 6단계여과 / BLDC모터 / 흡입력: 145AW / 흡입력: 23500Pa / 먼지통용량: 0.4L / 충전시간: 2시간30분 / 사용시간: 1시간 / 용량: 2500mAh / LED라이트 / 거치대 / 물걸레 / WiFi / 무게: 2.6kg / 색상:화이트 / 소비전력: 435W / 브러쉬: 바닥, 호스, 틈새, 다기능, 솔형, 연장관 / 원격제어 / 크기(가로x세로x깊이): 259x1191x158mm","357,750원"
336,캐치웰 Z20,"핸디/스틱청소기 / 핸디+스틱형 / 무선형 / 전압: 22.2V / 헤파필터 / H13급 / 싸이클론 / 3단계여과 / BLDC모터 / 흡입력: 20000Pa / 먼지통용량: 0.65L / 충전시간: 5시간 / 사용시간: 1시간 / 배터리: 리튬이온 / 용량: 2200mAh / 브러쉬: 바닥, 카펫, 솔형, 틈새, 연장관 / LED라이트 / 거치대 / 프리볼트 / 무게: 2.2kg / 색상:화이트 / 소비전력: 200W","169,000원"
337,일렉트로룩스 에르고라피도 파워프로 ZB3416AK,"핸디/스틱청소기 / 핸디+스틱형 / 무선형 / 전압: 18V / 4단계여과 / 먼지통용량: 0.42L / 충전시간: 4시간 / 사용시간: 48분 / 배터리: 리튬이온 / 거치대 / 셀프스탠딩 / 무게: 3.3kg / 색상:인디고블루 / 알레르기인증(BAF) / 브러쉬: 파워프로롤러, 베드프로미니, 일반틈새, 긴틈새","199,000원"
338,샤오미 COCLEAN 차량용 무선 청소기,"차량용청소기 / 무선 / 흡입력: 5,800Pa / 최대출력: 80W / 헤파필터 / 추가노즐: 틈새, 솔브러쉬 / LED라이트 / 사용시간: 15분 / 충전시간: 1시간30분 / 충전방식: 시거잭 / 크기: 298x70mm / 무게: 560g","51,840원"
339,기펠 스텔라 JJ-SC-020BN,물걸레청소기 / 스틱형 / 회전식 / 무선형 / 전압: 14.8V / 충전시간: 4시간 / 사용시간: 35분 / 배터리: 리튬이온 / 용량: 2200mAh / 물분사 / LED라이트 / 각도조절 / 셀프스탠딩 / 무게: 2.96kg / 소비전력: 85W / 색상:블랙 / 패드: 극세사(벨크로형) / 크기(가로x세로x깊이): 420x1250x210mm,"75,650원"
340,퍼피유 A10 DUKE,"핸디/스틱청소기 / 핸디+스틱형 / 무선형 / 전압: 14V / 4단계여과 / BLDC모터 / 흡입력: 13000Pa / 먼지통용량: 0.16L / 충전시간: 5시간 / 사용시간: 20분 / 용량: 2000mAh / 브러쉬: 바닥, 솔형, 틈새, 연장관 / 거치대 / 프리볼트 / 무게: 0.52kg / 색상:블랙 / 소비전력: 120W / 크기(가로x세로x깊이): 75x415x70mm","79,900원"
341,에이스전자 AVG-LC9600BT,"핸디/스틱청소기 / 핸디+스틱형 / 무선형 / 전압: 29.6V / 헤파필터 / 싸이클론 / 4단계여과 / 인버터모터 / 흡입력: 21000Pa / 배터리: 리튬이온 / 용량: 2400mAh / 브러쉬: 바닥, 솔형, 틈새, 연장관 / LED라이트 / 거치대 / 프리볼트 / 무게: 2.9kg / 소비전력: 300W / 크기(가로x세로x깊이): 240x1120x230mm","149,470원"
342,트루쎈 SCV80,"핸디/스틱청소기 / 핸디+스틱형 / 무선형 / 전압: 22.2V / 헤파필터 / H13급 / 싸이클론 / 4단계여과 / BLDC모터 / 흡입력: 22000Pa / 먼지통용량: 0.5L / 충전시간: 6시간 / 사용시간: 26분 / 배터리: 리튬이온 / 용량: 2000mAh / 브러쉬: 바닥, 솔형, 틈새, 연장관 / LED라이트 / 거치대 / 배터리잔량표시 / 무게: 1.94kg / 색상:화이트 / 소비전력: 250W","197,100원"
343,툴앤툴 T300,"핸디/스틱청소기 / 핸디+스틱형 / 무선형 / 전압: 25.2V / 헤파필터 / H14급 / 싸이클론 / 4단계여과 / BLDC모터 / 흡입력: 26000Pa / 먼지통용량: 0.8L / 충전시간: 4시간 / 사용시간: 35분 / 배터리: 리튬이온 / 용량: 2150mAh / 브러쉬: 바닥, 솔형, 틈새, 연장관 / 거치대 / 프리볼트 / 무게: 2.2kg / 색상:그레이 / 소비전력: 300W / 크기(가로x세로x깊이): 240x1260x220mm","229,000원"
344,삼성전자 제트 VS20R9074S3,"핸디/스틱청소기 / 핸디+스틱형 / 무선형 / 전압: 21.9V / 헤파필터 / 싸이클론 / 5단계여과 / 인버터모터 / 흡입력: 200W / 먼지통용량: 0.5L / 충전시간: 3시간30분 / 사용시간: 120분 / 배터리: 리튬이온 (2개) / 브러쉬: 바닥, 솔형, 틈새, 침구, 연장관 / 거치대 / 디스플레이표시창 / 프리볼트 / 무게: 2.7kg / 색상:티탄+그레이 / 소비전력: 550W / 알레르기인증(BAF) / 미세먼지인증(SLG) / 크기(가로x세로x깊이): 250x1136x215mm","660,430원"
345,호봇 HOBOT-388,"로봇청소기 / 유리청소 / 물통용량: 0.05L / 사용시간: 20분 / 스마트폰제어: 원격청소 / 리모콘 / 프리볼트 / 소음: 67dB / 소비전력: 90W / 무게: 0.915kg / 색상:블랙 / 유, 무선형 / 물분사 / 압력변화감지 / 크기(가로x세로x깊이): 148x95x295mm","368,990원"
346,캐치웰 차량용 핸디 텀블러 청소기 THC1000,"차량용청소기 / 무선 / 흡입력: 8,000Pa / 최대출력: 75W / 헤파필터 / 추가노즐: 틈새, 솔브러쉬, 연장호스 / 싸이클론 / 사용시간: 20~28분 / 무게: 580g / 색상: 그레이, 화이트, 블랙","69,900원"
347,다이슨 V10 앱솔루트,"핸디/스틱청소기 / 핸디+스틱형 / 무선형 / 전압: 25.2V / 싸이클론 / 충전시간: 3시간30분 / 사용시간: 60분 / 배터리: 리튬이온 / 도킹스테이션 / 프리볼트 / 무게: 2.5kg / 색상:블루, 코퍼, 블랙 / 소비전력: 525W / 브러쉬: 소프트롤러클리너헤드, 다이렉트드라이브클리너헤드, 미니모토라이즈드툴, 콤비네이션툴, 크레비스노즐, 미니소프트더스팅브러시 / 크기(가로x세로x깊이): 250x1241x256mm","772,420원"
348,신일산업 SVC-650SG,"핸디/스틱청소기 / 핸디형 / 무선형 / 전압: 4.8V / 흡입력: 35W / 충전시간: 8시간 / 사용시간: 5~10분 / 브러쉬: 바닥, 연장관 / 거치대 / 무게: 1.5kg / 색상:화이트 / 크기(가로x세로x깊이): 440x150x130mm","31,590원"
349,다이슨 옴니 글라이드,"핸디/스틱청소기 / 핸디+스틱형 / 무선형 / 싸이클론 / 5단계여과 / 흡입력: 50AW / 먼지통용량: 0.2L / 충전시간: 3시간30분 / 사용시간: 20분 / 배터리: 리튬이온 / 도킹스테이션 / 무게: 1.9kg / 색상:퍼플 / 브러쉬: 전방향플러피클리너헤드, 콤비네이션크레비스툴, 미니모터헤드툴, 서페이스툴 / 크기(가로x세로x깊이): 208x1077x92mm","900,000원"
350,샤오미 미지아 1C SCWXCQ02ZHM,"핸디/스틱청소기 / 핸디+스틱형 / 무선형 / 전압: 25.2V / 헤파필터 / H12급 / 싸이클론 / 5단계여과 / 흡입력: 120AW / 흡입력: 20000Pa / 먼지통용량: 0.5L / 충전시간: 3시간30분 / 사용시간: 1시간 / 브러쉬: 바닥, 솔형, 틈새, 침구, 연장관 / 거치대 / 무게: 3.3kg / 색상:화이트 / 소비전력: 400W / 크기(가로x세로x깊이): 256x1208x204.5mm","143,690원"
351,원더스리빙 원더스 W3,물걸레청소기 / 스틱형 / 왕복식 / 무선형 / 전압: 12.6V / 충전시간: 3시간 / 사용시간: 60분 / 배터리: 리튬이온 / 용량: 1950mAh / 물분사 / LED라이트 / 각도조절 / 셀프스탠딩 / 무게: 2.9kg / 소비전력: 35W / 색상:화이트 / 배터리잔량표시 / 가구손상방지 / 오토스토핑 / 패드: 극세사(벨크로형) / 크기(가로x세로x깊이): 310x1180x270mm,"59,900원"
352,워니코프 콘일렉트릭 V1,"물걸레청소기 / 스틱+핸디형 / 물걸레+진공 / 회전식 / 무선형 / 전압: 18.5V / 헤파필터 / 3단계여과 / BLDC모터 / 충전시간: 4시간 / 사용시간: 물걸레: 2시간30분, 물걸레+진공: 30분 / 배터리: 리튬이온 / 용량: 2900mAh / LED라이트 / 셀프스탠딩 / 프리볼트 / 무게: 4.5kg / 색상:화이트, 블랙 / 크기(가로x세로x깊이): 360x1200x200mm","94,050원"
353,유행코리아 더쎈 차량용 무선 청소기 V2,"차량용청소기 / 무선 / 흡입력: 6500Pa / 추가노즐: 솔브러쉬, 연장호스 / 사용시간: 30분 / 무게 : 1.04kg","95,980원"
354,일렉트로룩스 파워프로 ZB3424BL,"핸디/스틱청소기 / 핸디+스틱형 / 무선형 / 전압: 18V / 4단계여과 / 먼지통용량: 0.42L / 충전시간: 4시간 / 사용시간: 48분 / 배터리: 리튬이온 / 거치대 / 배터리잔량표시 / 셀프스탠딩 / 무게: 3.6kg / 색상:소프트샌드 / 알레르기인증(BAF) / 브러쉬: 파워프로롤러, UV베드, 슈퍼롱, 사선, 360도회전, 패브릭, 플렉시호스, 틈새","278,020원"
355,삼성전자 제트 VS20T9248SB,"핸디/스틱청소기 / 핸디+스틱형 / 무선형 / 전압: 21.9V / 헤파필터 / 싸이클론 / 인버터모터 / 흡입력: 200W / 먼지통용량: 0.5L / 충전시간: 3시간30분 / 사용시간: 1시간 / 배터리: 리튬이온 / 브러쉬: 바닥, 솔형, 틈새, 침구, 물걸레, 연장관 / 거치대 / 디스플레이표시창 / 프리볼트 / 색상:아쿠아모노크롬 / 소비전력: 550W / 크기(가로x세로x깊이): 250x1136x215mm","738,120원"
356,밀워키 M18 CV-0,"업소용청소기 / 건식 / 무선형 / 전압: 18V / 헤파필터 / 먼지통용량: 1L / 사용시간: 5.0Ah: 25분, 9.0Ah: 43분 / 브러쉬: 바닥, 틈새, 호스, 연장관","121,170원"
357,무궁화전자 바로바로 MC-B110,핸디/스틱청소기 / 핸디형 / 무선형 / 충전시간: 8시간 / 사용시간: 10분 / 배터리: 니켈수소 / 브러쉬: 틈새 / 무게: 0.86kg / 색상:옐로우 / 소비전력: 6W / 크기(가로x세로x깊이): 110x115x400mm,"28,790원"
358,ABKO 오엘라 HV01,"핸디/스틱청소기 / 핸디형 / 무선형 / 전압: 10.95V / 헤파필터 / 흡입력: 12000Pa / 사용시간: 35분 / 배터리: 리튬이온 / 용량: 2500mAh / 브러쉬: 솔형, 틈새 / 거치대 / 프리볼트 / 무게: 0.8kg / 색상:네이비 / 소비전력: 90W / 크기(가로x세로x깊이): 80x400x80mm","89,000원"
359,신일 핸디형 무선 미니 청소기,차량용청소기 / 무선 / 추가노즐: 틈새 / 반영구 먼지필터 / 건습식 청소 / 크기: 144x137x405mm / 무게: 947g,"37,500원"
360,DIBEA V20 플러스,"핸디/스틱청소기 / 핸디+스틱형 / 무선형 / 전압: 22.2V / 헤파필터 / H13급 / 싸이클론 / 4단계여과 / DC모터 / 흡입력: 12000Pa / 먼지통용량: 0.55L / 충전시간: 4~5시간 / 사용시간: 35분 / 배터리: 리튬이온 / 용량: 2200mAh / 브러쉬: 바닥, 솔형, 틈새, 연장관 / LED라이트 / 거치대 / 무게: 2.2kg / 색상:브라운 / 소비전력: 150W / 크기(가로x세로x깊이): 240x1040x211mm","122,840원"
361,차량용 무선 건습식 청소기 (해외구매),"차량용청소기 / 무선 / 최대출력: 120W / 헤파필터 / 추가노즐: 틈새, 솔브러쉬, 연장호스 / 크기: 32x6cm / 무게: 718g","21,950원"
362,일렉트로룩스 퓨어 F9 PF91-6BWF,"핸디/스틱청소기 / 스틱형 / 무선형 / 전압: 36V / 싸이클론 / 5단계여과 / 충전시간: 6시간 / 사용시간: 60분 / 배터리: 리튬이온 / LED라이트 / 거치대 / 배터리잔량표시 / 셀프스탠딩 / 무게: 4.1kg / 색상:사틴화이트 / 알레르기인증(BAF) / 브러쉬: 침구, 3in1, 더스팅, 앵글튜브 / 플렉스리프트 / 바닥감지 / 크기(가로x세로x깊이): 215x1200x249mm","454,760원"
363,애니스 JB2000,"물걸레청소기 / 스틱형 / 회전식 / 무선형 / 전압: 14.48V / 충전시간: 3시간 / 사용시간: 30분 / 배터리: 리튬이온 / 용량: 2050mAh / 각도조절 / 무게: 3.14kg / 소비전력: 70W / 색상:블랙, 화이트 / 크기(가로x세로x깊이): 411x1105x192mm","118,000원"
364,미니 무선 자동차 진공 청소기 (해외구매),"차량용청소기 / 무선 / 흡입력: 4,500Pa / 최대출력: 120W / 헤파필터 / 코드길이: 4.5m / 색상: 블랙, 화이트","66,000원"
365,무선 자동차 진공 청소기 (해외구매),"차량용청소기 / 무선 / 흡입력: 6,000Pa / 최대출력: 120W / 헤파필터 / 크기: 350x80x125mm","55,940원"
366,다이슨 V11 컴플리트 프로,"핸디/스틱청소기 / 핸디+스틱형 / 무선형 / 싸이클론 / 사용시간: 1시간 / 거치대 / 도킹스테이션 / 디스플레이표시창 / 무게: 2.95kg / 색상:니켈블루 / 브러쉬: 소프트롤러클리너헤드, 하이토크드라이브헤드, 콤비네이션툴, 크레비스툴, 미니모터툴, 소프트더스팅브러쉬, 스터번더트브러쉬, 매트리스툴, 익스텐션호스 / 크기(가로x세로x깊이): 261x1280x250mm","1,080,000원"
367,듀플렉스 DP-480VC,"핸디/스틱청소기 / 핸디형 / 무선형 / 전압: 4.8V / 브러쉬: 솔형, 틈새 / 거치대 / 무게: 1.5kg / 색상:화이트+그린 / 건 습식 / 크기(가로x세로x깊이): 120x390x120mm","23,040원"
368,무궁화전자 MHC-720,"핸디/스틱청소기 / 핸디+스틱형 / 무선형 / 헤파필터 / H12급 / 3단계여과 / 충전시간: 5시간 / 사용시간: 18분 / 배터리: 니켈수소 / 브러쉬: 바닥, 솔형, 틈새 / 물걸레 / 무게: 2.9kg / 색상:옐로우+블랙 / 소비전력: 72W / 크기(가로x세로x깊이): 650x180x320mm","81,630원"
369,쿠쿠전자 CVC-A1410UG,"핸디/스틱청소기 / 핸디+스틱형 / 무선형 / 전압: 25.2V / 헤파필터 / H13급 / 싸이클론 / 5단계여과 / BLDC모터 / 흡입력: 140AW / 흡입력: 23000Pa / 사용시간: 35분 / 배터리: 리튬이온 / 브러쉬: 바닥, 솔형, 틈새, 침구, 연장관 / 거치대 / 먼지감지센서 / 배터리잔량표시 / 무게: 1.82kg / 색상:어반그레이 / 소비전력: 420W / 크기(가로x세로x깊이): 250x1200x230mm","470,350원"
370,블랙앤데커 BDCDB18N,핸디/스틱청소기 / 핸디형 / 무선형 / 전압: 18V / 배터리: 리튬이온 / 브러쉬: 틈새,"30,820원"
371,마끼다 CL107FDZW,핸디/스틱청소기 / 스틱형 / 무선형 / 전압: 12V / 충전시간: 22분 / 무게: 1.1kg / 색상:화이트,"67,720원"
372,아이룸 AST-009P,"핸디/스틱청소기 / 핸디+스틱형 / 무선형 / 전압: 22.2V / 헤파필터 / 싸이클론 / 흡입력: 12000Pa / 충전시간: 4시간 / 사용시간: 40분 / 용량: 2200mAh / 브러쉬: 바닥, 솔형, 틈새, 침구, 연장관 / LED라이트 / 거치대 / 배터리잔량표시 / 무게: 1.89kg / 색상:퍼플 / 소비전력: 160W","108,360원"
373,차량용 애니스 초강력 핸디 청소기 JB14P,"차량용청소기 / 무선 / 흡입력: 13,000Pa / 헤파필터 / 추가노즐: 틈새, 솔브러쉬 / 사용시간: 23분 / 크기 : 435x75x70mm / 무게 : 1,05kg","98,000원"
374,캐치웰 코드엑스,"핸디/스틱청소기 / 핸디+스틱형 / 무선형 / 전압: 30V / 헤파필터 / H13급 / BLDC모터 / 흡입력: 22000Pa / 먼지통용량: 0.5L / 충전시간: 5시간 / 사용시간: 1시간 / 용량: 2500mAh / 브러쉬: 바닥, 솔형, 틈새, 침구 / 거치대 / 배터리잔량표시 / 프리볼트 / 색상:화이트 / 소비전력: 350W","199,000원"
375,퀸메이드 퀸나 트러스트 QMDS-7000,"물걸레청소기 / 스틱형 / 회전식 / 무선형 / 전압: 7.4V / 충전시간: 4시간 / 사용시간: 30분 / 용량: 2000mAh / 물분사 / LED라이트 / 각도조절 / 셀프스탠딩 / 무게: 1.8kg / 소비전력: 30W / 색상:블랙, 화이트 / 패드: 극세사(벨크로형) / 크기(가로x세로x깊이): 335x1100x180mm","80,100원"
376,오아 클린보틀 차량용 청소기 OA-CL002,"차량용청소기 / 무선 / 흡입력: 5,500Pa / 헤파필터 / 추가노즐: 틈새, 솔브러쉬 / 사용시간: 20분 / 코드길이: 4.5m / 충전시간: 2.5시간 / 크기: 73x73x305mm / 무게 : 703g","59,000원"
377,이스타 EST-VX100,"핸디/스틱청소기 / 핸디형 / 무선형 / 전압: 14.8V / 헤파필터 / H13급 / 싸이클론 / 4단계여과 / BLDC모터 / 흡입력: 13000Pa / 충전시간: 5시간 / 사용시간: 22분 / 배터리: 리튬이온 / 용량: 2500mAh / 브러쉬: 솔형, 틈새, 침구 / 거치대 / 프리볼트 / 무게: 0.5kg / 색상:메탈그레이 / 소비전력: 120W / 크기(가로x세로x깊이): 74x418x74xmm","89,000원"
378,툴앤툴 네오스틱 T1,"핸디/스틱청소기 / 핸디+스틱형 / 무선형 / 전압: 22.2V / 헤파필터 / H13급 / 싸이클론 / 충전시간: 4시간 / 사용시간: 30분 / 배터리: 리튬이온 / 브러쉬: 바닥, 솔형 / LED라이트 / 거치대 / 프리볼트 / 무게: 2.35kg / 소비전력: 140W / 크기(가로x세로x깊이): 250x1210x220mm","99,000원"
379,한샘 T1,"핸디/스틱청소기 / 핸디+스틱형 / 무선형 / 전압: 21.5V / 싸이클론 / 3단계여과 / BLDC모터 / 흡입력: 20000Pa / 먼지통용량: 0.6L / 충전시간: 4~5시간 / 사용시간: 35분 / 배터리: 리튬이온 / 용량: 2160mAh / 브러쉬: 바닥, 솔형, 틈새, 침구, 연장관 / LED라이트 / 거치대 / 무게: 2.5kg / 색상:레드 / 소비전력: 250W / 크기(가로x세로x깊이): 260x1040x220mm","246,400원"
380,일렉트로룩스 에르고라피도 ZB3325B,"핸디/스틱청소기 / 핸디+스틱형 / 무선형 / 전압: 18V / 4단계여과 / 충전시간: 4시간 / 사용시간: 48분 / 배터리: 리튬이온 / LED라이트 / 배터리잔량표시 / 브러쉬자동청소 / 셀프스탠딩 / 무게: 3.6kg / 색상:사틴화이트 / 알레르기인증(BAF) / 브러쉬: 베드프로, 소파용, 긴틈새, 솔틈새, 연장호스 / 크기(가로x세로x깊이): 303x690x162mm","246,990원"
381,신일산업 SVC-PB195BUP,"핸디/스틱청소기 / 핸디+스틱형 / 무선형 / 전압: 22.2V / 헤파필터 / 싸이클론 / 4단계여과 / DC모터 / 충전시간: 5시간 / 사용시간: 35분 / 배터리: 리튬이온 / 용량: 2200mAh / 브러쉬: 바닥, 솔형, 틈새 / LED라이트 / 거치대 / 배터리잔량표시 / 색상:블랙+블루 / 소비전력: 130W / 크기(가로x세로x깊이): 260x1170x230mm","108,750원"
382,하이메이드 HV-MM14B,"핸디/스틱청소기 / 핸디형 / 무선형 / 전압: 14V / 헤파필터 / H13급 / 싸이클론 / 4단계여과 / BLDC모터 / 먼지통용량: 0.1L / 배터리: 리튬이온 / 용량: 2500mAh / 브러쉬: 솔형, 틈새 / 거치대 / 무게: 0.55kg / 색상:블랙 / 소비전력: 90W / 크기(가로x세로x깊이): 70x415x70mm","83,590원"
383,듀플렉스 DP-490VC,"핸디/스틱청소기 / 핸디형 / 무선형 / 싸이클론 / 브러쉬: 솔형, 틈새 / 거치대 / 무게: 1.2kg / 색상:블랙 / 소비전력: 30W / 크기(가로x세로x깊이): 395x110x100mm","32,140원"
384,신일산업 SVC-750SG,"핸디/스틱청소기 / 핸디+스틱형 / 무선형 / 전압: 7.2V / 흡입력: 86W / 충전시간: 8시간 / 사용시간: 15분 / 배터리: 니켈카드뮴 / 브러쉬: 바닥, 솔형, 틈새, 연장관 / 거치대 / 색상:실버 / 크기(가로x세로x깊이): 560x170x220mm","50,310원"
385,테팔 에어포스 라이트 TY6543KL,핸디/스틱청소기 / 스틱형 / 무선형 / 전압: 14.4V / 싸이클론 / 충전시간: 5시간 / 사용시간: 30분 / 배터리: 리튬이온 / LED라이트 / 배터리잔량표시 / 셀프스탠딩 / 무게: 2.31kg / 색상:레드 / 크기(가로x세로x깊이): 260x1092x220 mm,"129,000원"
386,신일산업 SVC-680G,핸디/스틱청소기 / 핸디형 / 무선형 / 전압: 3.6V / 충전시간: 5시간 / 사용시간: 15분 / 브러쉬: 틈새 / 거치대 / 무게: 0.8kg / 색상:실버 / 크기(가로x세로x깊이): 425x95x90mm,"27,610원"
387,디월트 DCV580N,"업소용청소기 / 건습식 / 무선형 / 전압: 18V / 헤파필터 / 탱크용량: 7.5L / 에어컴프레셔 / 색상:옐로우 / 사용시간: 30분 / 브러쉬: 바닥, 틈새, 호스","137,960원"
388,블랙앤데커 EPV1020BKA,핸디/스틱청소기 / 핸디형 / 무선형 / 전압: 10.8V / 흡입력: 20AW / 먼지통용량: 0.44L / 충전시간: 4시간 / 사용시간: 11분 / 배터리: 리튬이온 / 브러쉬: 틈새 / 프리볼트 / 무게: 1.28kg / 색상:블랙 / 피벗노즐,"58,960원"
389,보아스 VO802R,"핸디/스틱청소기 / 핸디+스틱형 / 무선형 / 전압: 35.4V / 헤파필터 / 트윈싸이클론 / BLDC모터 / 흡입력: 10000Pa / 먼지통용량: 1L / 충전시간: 3시간~4시간30분 / 사용시간: 50분 / 배터리: 리튬이온 / 용량: 2200mAh / 브러쉬: 바닥, 솔형, 틈새, 침구, 연장관 / 거치대 / 프리볼트 / 무게: 1.4kg / 색상:블루 / 소비전력: 120W / 크기(가로x세로x깊이): 249x1286x201mm","1,572,990원"
390,하이제로 F801,핸디/스틱청소기 / 스틱형 / 무선형 / 전압: 19V / 사용시간: 1시간 / 배터리: 리튬이온 / 브러쉬: 바닥 / 거치대 / 무게: 3.9kg / 건습식 / 동작상태표시 / 크기(가로x세로x깊이): 290x1220x200mm,"698,000원"
391,홍진테크 AT-H12V,"핸디/스틱청소기 / 핸디형 / 무선형 / 전압: 12V / 흡입력: 90W / 충전시간: 8시간 / 사용시간: 20분 / 브러쉬: 솔형, 틈새 / 거치대 / 무게: 1.5kg / 크기(가로x세로x깊이): 430x135x105mm","21,340원"
392,비바 2017-SC01,"욕실청소기 / 스틱형 / 무선형 / 사용시간: 60분 / 브러쉬: 연장관 / 프리볼트 / 무게: 1.5kg / 색상:화이트 / 브러쉬: 돔형, 모서리, 평면, 연장관","27,580원"
393,유니맥스 UVC-1686A,"핸디/스틱청소기 / 핸디+스틱형 / 유선형 / 헤파필터 / 싸이클론 / 브러쉬: 바닥, 솔형, 틈새, 연장관 / 거치대 / 색상:블루 / 소비전력: 600W / 크기(가로x세로x깊이): 270x1220x270mm","29,530원"
394,오아 OA-CL010,"핸디/스틱청소기 / 핸디+스틱형 / 무선형 / 헤파필터 / BLDC모터 / 흡입력: 13000Pa / 먼지통용량: 0.15L / 충전시간: 2시간30분 / 사용시간: 25분 / 용량: 2000mAh / 브러쉬: 바닥, 솔형, 틈새, 연장관 / 무게: 0.512kg / 색상:화이트 / 소비전력: 13.5W / 크기(가로x세로x깊이): 58x344x58mm","79,000원"
395,일렉트로룩스 에르고라피도 파워프로 ZB3423BO,"핸디/스틱청소기 / 핸디+스틱형 / 무선형 / 전압: 18V / 4단계여과 / 먼지통용량: 0.42L / 충전시간: 4시간 / 사용시간: 48분 / 배터리: 리튬이온 / 거치대 / 배터리잔량표시 / 셀프스탠딩 / 무게: 3.4kg / 색상:마호가니브론즈 / 알레르기인증(BAF) / 브러쉬: 파워프로롤러, UV베드, 틈새","250,900원"
396,DIBEA F6,"핸디/스틱청소기 / 핸디+스틱형 / 무선형 / 전압: 22.2V / 싸이클론 / 흡입력: 5200Pa / 먼지통용량: 0.4L / 충전시간: 4~5시간 / 사용시간: 20~30분 / 배터리: 리튬이온 / 용량: 2200mAh / 브러쉬: 바닥, 틈새, 연장관 / 거치대 / 프리볼트 / 무게: 2kg / 색상:퍼플 / 소비전력: 120W / 110V / 변환어댑터: 필요 / 크기(가로x세로x깊이): 200x1200x150mm","168,000원"
397,캐치웰 G20,"핸디/스틱청소기 / 핸디+스틱형 / 무선형 / 전압: 22.2V / 싸이클론 / 3단계여과 / BLDC모터 / 흡입력: 20000Pa / 먼지통용량: 0.65L / 충전시간: 5시간 / 사용시간: 1시간 / 용량: 2200mAh / 브러쉬: 바닥, 카펫, 솔형, 틈새, 연장관 / LED라이트 / 거치대 / 프리볼트 / 무게: 2.2kg / 색상:블랙 / 소비전력: 220W","152,100원"
398,모리츠 MO-BCL700,"욕실청소기 / 핸디+스틱형 / 무선형 / 전압: 3.7V / 충전시간: 3시간 / 사용시간: 30분 / 배터리: 리튬이온 / 용량: 2600mAh / 브러쉬: 연장관 / 프리볼트 / 색상:옐로우 / 소비전력: 10W / 방수 / 브러쉬: 모서리, 일반, 평면, 스폰지, 극세사, 수세미 / 크기(가로x세로x깊이): 95x900x70mm","54,760원"
399,롯데알미늄 LS295,"핸디/스틱청소기 / 핸디+스틱형 / 무선형 / 헤파필터 / H13급 / 싸이클론 / 5단계여과 / BLDC모터 / 먼지통용량: 0.6L / 충전시간: 5시간 / 사용시간: 35분 / 배터리: 리튬이온 / 용량: 2000mAh / 브러쉬: 바닥, 솔형, 틈새, 침구, 연장관 / LED라이트 / 거치대 / 색상:그레이","159,000원"
