,title,url,date,summary
0,"위세아이텍, '머신러닝자동화 플랫폼' 웨비나 개최",http://v.media.daum.net/v/20201005110103270?f=o, 2020.10.05 | 머니투데이 | 다음뉴스 ,머신러닝 전문기업 위세아이텍이 오는 15일 오후 2시 '머신러닝자동화 플랫폼 동향과 적용사례'라는 주제로 온라인 웨비나(웹과 세미나의 합성어)를 개최한다. 이번 웨비나...
1,"[이슈] KAIST 박사과정 공태식 연구원... 구글 AI, 'PhD 펠로우십...",https://cp.news.search.daum.net/p/98199923, 2020.10.11 | 인공지능신문 ,"recipients) 프로그램'에 선정됐다고 현지시간 8일 발표했다. 한국에서는 머신러닝 부분에 KAIST(한국과학기술원. 총장 신성철) 박사과정 공태식 연구원, 기계인식·음성..."
2,"[머신러닝 보안관제②] 머신러닝, 사람처럼 생각하지 않는다",https://cp.news.search.daum.net/p/97955749, 2020.10.01 | 데이터넷 ,"첫걸음인 ‘레이블링 (Labeling)’ 작업 고려 사항에 대해 알아보았다. 이번에는 머신러닝을 적용한 보안 이벤트에 대한 정오탐 예측과 이상행위 탐지 사례, 그리고 머신..."
3,"팔로알토, 머신러닝 적용 차세대 SD-WAN 솔루션 출시",https://cp.news.search.daum.net/p/98092071, 2020.10.07 | 데이터넷 ,[데이터넷] 팔로알토 네트웍스는 머신러닝으로 네트워크 운영을 간소화하는 차세대 SD-WAN 솔루션을 출시했다고 7일 밝혔다. 이 솔루션은 포레스터 컨설팅 조사에서 243%의...
4,"[기고] 바야흐로, 머신러닝이다",https://cp.news.search.daum.net/p/97936674, 2020.09.29 | AI타임스 ,전 세계적으로 스타트업에서 대기업에 이르기까지 대부분 기업은 머신러닝(Machine Learning) 애플리케이션 도입이 최우선과제라는 것을 깨닫고 있다. 사실상 모든 산업...
5,"무선통신·머신러닝 전문가 신원재 교수, IEEE서 ‘인정’",https://cp.news.search.daum.net/p/98045002, 2020.10.06 | 일간리더스경제신문 ,무선통신 이론과 머신러닝 분야에서 전문적인 연구 활동을 이어가고 있는 부산대학교 신원재 교수가 국제 협회에서 성과를 인정받았다. 부산대학교는 전자공학과 신원재...
6,"NXP, 머신러닝·인공지능 '알고리즘의 윤리' 백서 발간",https://cp.news.search.daum.net/p/98096945, 2020.10.07 | 전자부품 ,반도체(이하 NXP)가 'AI 윤리 이니셔티브'를 공식 출범했다. 이와 함께 안전한 엣지 머신러닝(ML)/인공지능(AI) 솔루션에 대해 정의하는 백서 '알고리즘의 윤리(The Morals...
7,"구글코리아, '머신러닝 부트캠프' 연다",http://v.media.daum.net/v/20200915100745937?f=o, 2020.09.15 | 지디넷코리아 | 다음뉴스 ,(지디넷코리아=백봉삼 기자)구글코리아가 머신러닝 개발자 및 엔지니어를 양성하고 국내 기업 채용까지 연계한 ‘머신러닝 부트캠프’를 진행한다고 15일 밝혔다. 이번 머신...
8,"구글코리아, 머신러닝 부트캠프 진행..""교육에서 채용까지""",http://v.media.daum.net/v/20200915180124348?f=o, 2020.09.15 | 서울경제 | 다음뉴스 ,[서울경제] 구글코리아가 머신러닝 개발자와 엔지니어를 양성하고 국내 기업 채용까지 연계한 ‘머신러닝 부트캠프’를 진행한다고 15일 밝혔다. 이번 부트캠프에는...
9,"구글코리아, '머신러닝 부트캠프' 오픈..韓 개발자 육성",http://v.media.daum.net/v/20200915102700918?f=o, 2020.09.15 | 아이뉴스24 | 다음뉴스 ,[아이뉴스24 윤지혜 기자] 구글코리아가 국내 머신러닝 개발자와 엔지니어를 육성한다. 15일 구글코리아는 10월 말부터 4개월 간 '머신러닝 부트캠프'를 진행한다고 발표...
10,"SK하이닉스, AI·빅데이터·머신러닝 시스템에 최적화된 'DDR5' 출시",https://cp.news.search.daum.net/p/98118218, 2020.10.07 | 로봇기술 ,"SK하이닉스가 빅데이터, 인공지능, 머신러닝 등에 최적화된 DDR5 D램을 출시한다. (사진. SK하이닉스) SK하이닉스가 지난 10월 6일(화) DDR5 D램을 출시한다고 밝혔다. DDR5..."
11,"[알림]AI·머신러닝 활용법, 25일 온라인서 배우세요",http://v.media.daum.net/v/20200916102803559?f=o, 2020.09.16 | 전자신문 | 다음뉴스 ,전자신문사는 한국판 뉴딜과 디지털 전환 성공으로 이끌 기초 기술인 머신러닝에 대한 고민과 해결법을 찾는 'AI 이노베이션(Innovation) 2020'을 오는 25일 온라인으로...
12,"머신러닝 개발자 양성부터 채용까지.. ""구글코리아 부트캠프 지원...",http://v.media.daum.net/v/20200915094356700?f=o, 2020.09.15 | 조선비즈 | 다음뉴스 ,구글코리아가 머신러닝 개발자와 엔지니어를 양성하고 국내 기업 채용까지 연계한 ‘머신러닝 부트캠프’를 진행한다고 15일 밝혔다.이번 머신러닝 부트캠프에는 △카카오...
13,"SBA, 마곡지역 내 '머신러닝 공유 퍼스널모빌리티' 시작..나인투...",http://v.media.daum.net/v/20200923111519688?f=o, 2020.09.23 | 전자신문 | 다음뉴스 ,SBA)이 마곡 스마트시티 리빙랩 사업으로 펼치는 4차산업혁명 기술 상용화가 '머신러닝기반 공유 퍼스널 모빌리티' 프로젝트로 가시적인 모습을 처음 드러낸다. 최근 SBA 측...
14,머신러닝 활용한 금속수소 연구로 목성 내부 탐사 앞당긴다,https://cp.news.search.daum.net/p/97697689, 2020.09.23 | AI타임스 ,영국 캠브리지대 물리학자들이 머신러닝을 이용해 복잡한 금속수소 모델링을 스스로 훈련하도록 가동시켰다고 물리학 전문 매체 피직스 월드가 22일(현지시간) 보도했다. 이...
15,값비싼 머신러닝 교육 저리 가라! 머신러닝 개발자 양성 위한 구...,https://cp.news.search.daum.net/p/97360158, 2020.09.15 | 인공지능신문 ,구글코리아가 머신러닝 개발자 및 엔지니어를 양성하고 국내 기업 채용까지 연계한 ‘머신러닝 부트캠프(Machine Learning Bootcamp)’를 무료로 진행한다. 머신러닝 산업...
16,"일레클, 머신러닝 기술로 공유 퍼스널모빌리티 주차 문제 해결",http://v.media.daum.net/v/20200911173705320?f=o, 2020.09.11 | 머니투데이 | 다음뉴스 ,"플랫폼 일레클이 지난 3일부터 마곡지구 내 공유전기자전거 서비스를 개시하고, 머신러닝 기술을 통한 공유 퍼스널모빌리티 주차문제 해결에 나선다. 사진제공=IBK창공(創工..."
17,AI와 머신러닝이 보험업계를 변화시키는 방법 3가지,https://cp.news.search.daum.net/p/97761828, 2020.09.24 | AI타임스 ,모든 분야와 마찬가지로 보험업계 또한 AI와 머신러닝을 만나 빠르게 진화하고 있다. 기존 컴퓨터 저장법보다 몇십 배 빠른 AI 기법은 오늘날 보험사가 중요결정을 내리는...
18,"클라우데라 ‘머신러닝’, ‘노트북 기반 예측 분석’ 리더에…",https://cp.news.search.daum.net/p/97281102, 2020.09.12 | BI코리아 ,"인용, 시장 조사기관 포레스터 리서치가 최근 발표한 보고서에서 클라우데라 머신러닝이 포레스터 웨이브 노트북 기반 예측 분석과 머신러닝 부문 리더로 선정됐다고 밝혔다..."
19,"구글코리아, 머신러닝 개발자 양성…11번가·당근마켓 등 채용 연계",https://cp.news.search.daum.net/p/97388185, 2020.09.15 | AI타임스 ,"구글코리아가 머신러닝(ML) 개발자를 양성한다. 카카오 모빌리티, 11번가, 당근마켓 등 12개 국내기업과 채용 연계도 진행한다. 구글코리아는 머신러닝 개발자와 엔지니어를..."
20,"애플 A14, 16코어 NPU와 머신러닝 가속기로 AI 성능 끌어올려",https://cp.news.search.daum.net/p/97444707, 2020.09.16 | AI타임스 ,경험을 향상하는 AI 기능을 중요하게 생각한다. 이에 따라 최근 스마트폰에는 머신러닝과 같은 AI 기능을 담당하는 NPU를 탑재한 AP를 출시하고 있다. 애플은 AI 성능을...
21,"오라클, 자바 머신러닝 라이브러리 ‘트리뷰오’ 오픈소스로 공개",https://cp.news.search.daum.net/p/97627893, 2020.09.22 | 인공지능신문 ,"오라클이 자바 머신러닝 라이브러리 ‘트리뷰오(Tribuo)’를 오픈 소스로 지난 15일 공개했다. 트리뷰오는 분류, 회귀, 클러스터링, 이상 탐지, 모델 개발 등의 기능들을..."
22,"일레클, 마곡서 머신러닝 타진한다",https://cp.news.search.daum.net/p/97198737, 2020.09.10 | 이코노믹리뷰 ,"모빌리티 플랫폼 일레클이 마곡지구 내 공유전기자전거 서비스를 10일 개시하고, 머신러닝 기술을 통한 공유 퍼스널모빌리티 주차문제 해결에 나선다고 밝혔다.나인투원은..."
23,"KT, 초급자용 머신러닝 툴 탑재한 'AI 코딩블록' 출시",http://v.media.daum.net/v/20200831095422073?f=o, 2020.08.31 | 조선비즈 | 다음뉴스 ,초급자용 지도학습·비지도학습 머신러닝 툴 탑재KT(030200)는 지난해 9월 출시한 ‘지니블록’을 리뉴얼해 누구나 쉽고 재밌게 코딩을 배울 수 있는 AI(인공지능) 교육...
24,"오라클, 'ERP·SCM 클라우드' AI·자동화 기반 진화 가속도",http://v.media.daum.net/v/20201012130726115?f=o, 4시간전 | 디지털타임스 | 다음뉴스 ,"밝혔다. '오라클 퓨전 클라우드 SCM(공급망관리)'도 협업과 자산 관리, AI·머신러닝을 이용한 장기 공급망 계획 수립 기능을 향상시켜 선보였다. 론디 응 오라클..."
25,"ARM, 차세대 CPU '마테호른·마칼루' 공개",http://v.media.daum.net/v/20201012172404734?f=o, 12분전 | 지디넷코리아 | 다음뉴스 ,"온칩은 사용 사례가 점점 더 복잡해지고 기기에서 직접 처리되는 인공지능 및 머신러닝 워크로드가 증가함에 따라 계속해서 더 많은 혁신이 요구되고 있다""며 ""ARM은 지난..."
26,"""누구나 쉽게 머신러닝 활용하는 세상 돼야죠""",http://v.media.daum.net/v/20200819174425100?f=o, 2020.08.19 | 서울경제 | 다음뉴스 ,스와미 시바수브라마니안 AWS 머신러닝 부사장/사진제공=AWS코리아 [서울경제] “누구나 쉽게 머신러닝(기계학습)이나 인공지능(AI)을 활용하는 세상을 열어주는 데 도움이...
27,"마곡 스마트시티 리빙랩 사업 지원기업 ㈜나인투원, 머신러닝으로...",https://cp.news.search.daum.net/p/97650463, 2020.09.22 | 아이티비즈 ,IoT 센서로 수집한 환경정보를 알려주는 '에코 인공지능 사물인터넷(AIoT) 챗봇' △머신러닝 기술을 활용해 주차구역 내 공유 자전거 주차 시 인센티브를 부여하는 'Semi...
28,'AI 기자'부터 음성 합성까지..AI 기술 강화하는 엔씨소프트,http://v.media.daum.net/v/20201012111302092?f=o, 6시간전 | 한국경제 | 다음뉴스 ,미리 만든 틀에 적용해 만든 방식이었다. 엔씨소프트가 개발한 'AI 기자'는 머신러닝 기반 자연어처리(NLP)기술을 습득해 문장을 자체 생산할 수 있다는 점에서 차이가...
29,인공지능과 머신러닝이 데브옵스를 만나면 이루어질 수 있는 일들...,https://cp.news.search.daum.net/p/97963809, 2020.10.02 | 인공지능신문 ,"최근 데브옵스(DevOps)에서 인공지능과 머신러닝 기술이 부상하고 있다. 이러한 조합은 기존 DevOps 도구 스택에 통합하기 위한 강력한 후보가 되고 있으며, 의사 결정..."
30,"[기고] 제조업의 혁신, 스마트 팩토리를 이끄는 '산업용 IoT'",http://v.media.daum.net/v/20201012155919924?f=o, 1시간전 | 지디넷코리아 | 다음뉴스 ,망설이거나 효과에 의문을 갖는다면 전문 업체의 도움을 받는 것이 좋다. ■ 머신러닝 기반 예지 정비 플랫폼 예지 정비(Predictive Maintenance)는 현재 가장 눈에 띄는...
31,"""1년 반 동안 2만 데이터 축적""..세아베스틸의 '머신러닝' 활용법",http://v.media.daum.net/v/20200914135528293?f=o, 2020.09.14 | 머니투데이 | 다음뉴스 ,세아베스틸이 머신러닝을 활용해 특수강 제조 작업의 편의성과 정확도를 높인다. 세아베스틸은 군산공장 소형압연 생산라인에 머신비전 기술을 활용한 '스파크 자동판정...
32,"Arm, '네오버스' 로드맵 공개... 차세대 클라우드·HPC·머신러닝...",https://cp.news.search.daum.net/p/97678778, 2020.09.23 | 인공지능신문 ,"첫 시작으로, SVE(Scalable Vector Extension)를 지원하여 고성능 클라우드, HPC, 머신러닝 등의 다양한 시장에 막대한 잠재력을 제공한다. 네오버스 N2는 더욱 높은 성능의..."
33,"[2020 GGGF] ​김기환 SK플래닛 매니저 “머신러닝 개발, 마케터-개...",https://cp.news.search.daum.net/p/97230143, 2020.09.10 | 아주경제신문 ,"“머신러닝 개발은 현업자와 개발자, 데이터사이언티스트 모든 분야가 협업해야 한다.”김기환 SK플래닛 데이터사이언티스트(매니저)는 10일 서울 중구 더플라자호텔에서..."
34,"[2020 GGGF] 데이나 번즈 “머신러닝, 소매업 마케팅 활용으로 매...",https://cp.news.search.daum.net/p/97185515, 2020.09.09 | 아주경제신문 ,“머신러닝의 많은 접근 방식이 소매업의 고객 전환과 매출 증대에 활용될 뿐 아니라 공급망 관리와 서비스 수행에도 적용되고 있다.”데이나 번즈 볼드 메트릭스(Bold...
35,"SK㈜ C&C, 美 머신러닝 기업 '타머' 주최 포럼 참석",https://cp.news.search.daum.net/p/97174227, 2020.09.09 | The Guru ,[더구루=김도담 기자] SK㈜ C&C가 삼성도 투자한 미국의 유력 머신러닝 기업 타머(Tamr)가 여는 포럼에 참석한다. SK C&C 머신러닝 부문의 협력 확대 계기가 될 수 있을지...
36,"사이버 괴롭힘 막아라...인스타그램, 머신러닝 AI·리뷰팀 적극 활용",https://cp.news.search.daum.net/p/97406913, 2020.09.15 | 디지털투데이 ,인스타그램은 안전한 플랫폼을 만들기 위해 커뮤니티 가이드라인을 운영하고 있고 머신러닝 인공지능(AI) 기술과 리뷰팀 인력을 동시에 적용하고 있다. 코로나19 확산으로...
37,머신러닝ㆍ블록체인 활용 19개 프로젝트 수행,https://cp.news.search.daum.net/p/96744537, 2020.08.27 | 일간제주 ,대학교(총장 송석언)는 제주국제자유도시개발센터(이하 JDC)와 공동으로 개최한 머신러닝 `UMLC2020 × 블록체인 캠프`가 지난 17일부터 시작돼 26일 성공적으로 마무리...
38,"신한은행, ‘머신러닝’ 활용 자금세탁방지 보고 체계 고도화",https://cp.news.search.daum.net/p/97122433, 2020.09.08 | 일요서울 ,"[일요서울 | 이창환 기자] 신한은행은 자금세탁방지(AML) 업무에 머신러닝(AI), RPA 등 디지털 기술을 적용하는 ‘자금세탁방지 고도화 프로젝트’를 성공적으로 완료했다고..."
39,"서초구, 청년 대상 'AI로봇코딩 칼리지' 운영",http://v.media.daum.net/v/20201012102619577?f=o, 7시간전 | 뉴시스 | 다음뉴스 ,"과정이다. 고급반에서는 파이썬 언어를 사용해 자율주행, 안면인식, 로보틱스, 머신러닝 등으로 AI로봇 실습 장비의 로봇 축구와 군무가 구현된다. 모집은 21일까지 진행..."
40,[정종기의 AI시대 저널리즘] 인공지능(AI)이 일자리 일부를 대체...,https://cp.news.search.daum.net/p/98231982, 3시간전 | 오늘경제 ,"확산되고 있다. 최근의 디지털 트랜스포메이션 흐름에서 주목받는 기술 역시 머신러닝, 딥러닝, RPA 등 사람을 중심으로 한다는 공통의 특징을 가지고 있다. 즉, 주목받는..."
41,"[MHN IT] 노트북보다 빠르다, 5나노 공정, 머신러닝 탑재 '아이패...",https://cp.news.search.daum.net/p/97470244, 2020.09.17 | 문화뉴스 ,게임을 원활하게 즐길 수 있다. 거기다 차세대 뉴럴 엔진(Neural Engine)으로 머신 러닝 성능이 2배 증가하였고 연산 처리 속도는 10배 증가하였다. 이외에도 10.9형 레티나...
42,[이슈] 인공지능 머신러닝 기반 주식 추천은 한계가 있다?,https://cp.news.search.daum.net/p/96751275, 2020.08.28 | 인공지능신문 ,수요와 신제품 및 기존 금융 계정에 대한 항상과 사용 가능한 액세스로 인해 AI 및 머신러닝 솔루션의 활용도가 급속히 증가하고 있다. 이러한 솔루션은 고객과의 보다 강력...
43,4세대 아이패드 에어를 사야 할 네 가지 이유-아이패드 에어로 갈...,http://v.media.daum.net/v/20201011020604847?f=o, 2020.10.11 | 시티라이프 | 다음뉴스 ,30% 향상시키기 위해 새로운 4코어 그래픽 아키텍처도 적용했다. 이게 끝이 아니다. 머신러닝 역량을 구현하려면 더 크고 빠른 계산능력이 필요하다. A14 바이오닉은 초당...
44,"반도체 인수합병 경쟁 치열,"" NXP 포함 남은 인수대상 주목받아""",https://cp.news.search.daum.net/p/98219391, 7시간전 | 비즈니스포스트 ,"처리장치, 프로그래머블칩 등 다른 종류 반도체를 섞어서 부족한 성능을 보완하는 것이 머신러닝 연산의 최근 추세""라며 ""독자적으로 보유하지 못한 기술을 확충하기 위해..."
45,스포츠 분야에 머신러닝 적용해 재미 더한다,https://cp.news.search.daum.net/p/96450818, 2020.08.20 | 아이티데일리 ,데일리] 컴퓨터 스스로 방대한 데이터를 알고리즘에 넣어 미래를 예측하는 기술인 머신러닝이 스포츠 분야에도 적극 활용되고 있다. 모터스포츠 포뮬러 원의 주행차에 대한...
46,[경제·금융 상식 퀴즈 O X] 10월 12일 (678),http://v.media.daum.net/v/20201012090212377?f=o, 8시간전 | 한국경제 | 다음뉴스 ,겪었다. 미래 유망 산업의 하나로 꼽히는 이것은? ① 빅데이터② 2차전지③ 전장④ 머신러닝 5.코로나19 등과 같은 외부 요인에 의해 억눌렸던 소비가 한꺼번에 분출되는...
47,"이글루시큐리티, AI 특허 2건 취득..""머신러닝 알고리즘 정확성↑""",http://v.media.daum.net/v/20200804094404522?f=o, 2020.08.04 | 이데일리 | 다음뉴스 ,이후섭 기자] 이글루시큐리티(067920)는 레이블링과 피드백 과정의 개선을 통해 머신러닝 알고리즘의 정확성을 높이는 2건의 인공지능(AI) 관련 특허 기술을 취득했다고 4일...
48,"[충남콘텐츠기업지원센터] VR 에듀케이션 스타트업, 페어립",http://v.media.daum.net/v/20201012145037763?f=o, 2시간전 | 파이낸셜뉴스 | 다음뉴스 ,"멀미 감소 방법을 개발하였고, 가속도 센서 및 자이로 센서 오차보정 특허 등록, 머신러닝 적용 센서오차보정 특허 등록 및 KOLAS 인증을 획득하였다. 현재 5개 초등학교..."
49,기존 바이오센서보다 10배 이상 민감한 바이오센서 설계 기술 개발,http://v.media.daum.net/v/20201012104108376?f=o, 6시간전 | 전자신문 | 다음뉴스 ,메타물질을 이용해 DNA 등 미세한 생체 분자 측정이 가능한 광 기반 바이오센서를 머신러닝 알고리즘들을 조합해 효율적으로 디자인하는 기술이다. 시뮬레이션 결과를 바탕...
50,"""포스트 코로나 먹거리는 AI"" IT업계 경쟁 가속화",http://v.media.daum.net/v/20201012161033457?f=o, 1시간전 | 데일리안 | 다음뉴스 ,"앞서 엔씨는 AI를 적용한 야구 플랫폼 페이지, AI가 스스로 기사를 작성하는 머신러닝 기자를 선보이며 이목을 끌기도 했다. 회사는 2011년부터 윤송이 사장 주도로 AI연구..."
51,"슈퍼브에이아이, 머신러닝 데이터 플랫폼 글로벌 공략 나섰다!",https://cp.news.search.daum.net/p/96706851, 2020.08.27 | 인공지능신문 ,3000억원대(2019년 기준)로 아직 많은 성장이 필요한 상황이다. 슈퍼브에이아이는 머신러닝 데이터 플랫폼 ‘스위트(Suite)’를 필두로 미국에 진입한다. 스위트는 인공지능...
52,[포커스 인①] 자바·파이썬 기반 머신러닝 빅데이터의 미래는 소...,https://cp.news.search.daum.net/p/97936906, 2020.09.29 | 에듀동아 ,"아이티(IT)컴퓨터학원에서는 자바(Java) 웹&앱 개발, 파이썬 빅데이터 기반 딥러닝 머신러닝 개발 등 교육과정에 도입되어 사례와 프로젝트 중심의 강의로 운영되고 있다.03..."
53,"[소년중앙] ""고립된 곳 구호품 어떻게 보낼까"" 사람 대신 드론이 ...",http://v.media.daum.net/v/20201012155328690?f=o, 1시간전 | 중앙일보 | 다음뉴스 ,넓이를 자동으로 파악할 수 있어요. 드론이 코알라를 포착하면 연구팀이 개발한 AI 머신러닝 알고리즘이 코알라의 개체 수를 분석하여 데이터화합니다. 미국 비영리기관...
54,"우리가 알던 그곳? AR게임과 공연 입혀 새로운 곳으로, 트레져니",http://v.media.daum.net/v/20201012105051803?f=o, 6시간전 | 아이뉴스24 | 다음뉴스 ,"이외에도 불편함 없이 미션을 수행하기 위한 기술을 여럿 보유하고 있다. 차별화된 머신러닝, 컴퓨터 비전, IoT, 위치기반(LBS) 기술 등을 활용해 저비용으로 실감 콘텐츠를..."
55,글로벌 항공사들 비용 절감 및 새로운 수익 창출 위해 AI와 머신...,https://cp.news.search.daum.net/p/97407687, 2020.09.15 | 인공지능신문 ,"비용 절감과 및 새로운 수익 창출을 기대할 수 있는 모빌리티와 인공지능(AI), 머신러닝, 빅데이터 분석 등 차세대 디지털 솔루션 도입에 주력하고 있다""며, ""이미 주요..."
56,[영업이익 강소기업]하이퍼커넥트 | 영상 대화 '손바닥 위의 지구...,http://v.media.daum.net/v/20201012095121546?f=o, 7시간전 | 매경이코노미 | 다음뉴스 ,가볍고 빠른 딥러닝 엔진을 통해 이미지를 빠르게 인식할 수 있도록 돕는 ‘하이퍼머신러닝’ 등을 개발했다. 임성수 국민대 소프트웨어융합대학 학장은 “일찍이 현지화...
57,"[박정현의 ML예비개발자를 위한 원샷 레슨] ⓛ데이터사이언스, 머...",https://cp.news.search.daum.net/p/96733957, 2020.08.27 | AI타임스 ,들어가며... '인공지능' '머신러닝' '데이터사이언스'는 더이상 공상과학 영화나 책에서만 보고 듣는 용어가 아니다. 이미 알게 모르게 우리 실생활에 들어와 있다. 이세돌...
58,제주에서 세 번째 열린 머신러닝 블록체인 캠프 2020 성료,https://cp.news.search.daum.net/p/96646233, 2020.08.25 | 미디어제주 ,[미디어제주 홍석준 기자] 제주대학교와 JDC가 공동으로 개최한 머신러닝 캠프 ‘UMLC2020 × 블록체인 캠프’가 27일 성공적으로 마무리됐다.지난 2018년 시작돼 올해 세...
59,[조재환의 카테크] 당산부터 여의도까지 핸들 안 잡고 갈 수 있다고?,http://v.media.daum.net/v/20201011101728247?f=o, 2020.10.11 | 지디넷코리아 | 다음뉴스 ,"운전을 해야 한다. 현대차는 올해 초부터 출시한 제네시스 GV80, 3세대 G80 등에 ‘머신러닝 스마트 크루즈 컨트롤’ 기능을 적용시켰다. 게다가 자동 차선 변경 기능을..."
60,"머신러닝, IoT, 엣지 컴퓨팅에 새로운 경험을... Arm 최초의 64 ...",https://cp.news.search.daum.net/p/97157941, 2020.09.09 | 인공지능신문 ,"이루어지도록 함으로써 작업 효율성과 인사이트 발굴 능력을 높인다. 또한 머신러닝, IoT 및 엣지 컴퓨팅 등을 아우르는 폭넓은 분야에 적용될 수 있으며, 최고의 유연성을..."
61,머신러닝과 클라우드가 알아낸 역대 가장 빠른 드라이버는?,https://cp.news.search.daum.net/p/96450579, 2020.08.20 | 넥스트데일리 ,제공하는 최신 F1 통계(F1 Insight)인 ‘가장 빠른 드라이버(Fastest Driver)’는 머신러닝 기술을 활용해 F1 경주차 간의 차이를 배제하고 1983년부터 현재까지 모든...
62,"삶의 질 정보 활용한 머신러닝 , 폐암 생존 예측 정확도 높여",http://v.media.daum.net/v/20200803143000473?f=o, 2020.08.03 | 이데일리 | 다음뉴스 ,"[이데일리 이순용 기자]머신러닝 및 AI(인공지능) 관련 기술이 혁신적으로 발전하는 가운데, 의료 현장에 이를 적용하려는 노력이 점차 늘고 있다. 머신러닝 및 AI 관련..."
63,"AI 머신러닝 모델, 자동으로 생성하고 스스로 진화하는... 구글 '...",https://cp.news.search.daum.net/p/96541821, 2020.08.22 | 인공지능신문 ,생성할 수 있는 ‘AutoML-Zero’ 알고리즘을 'AutoML-Zero: 처음부터 진화하는 머신러닝 알고리즘(AutoML-Zero: Evolving Machine Learning Algorithms from Scratch)' 논문...
64,[주간HOT종목]외국인 투심 '카카오'로..3분기도 호실적 기대,http://v.media.daum.net/v/20201011182559991?f=o, 23시간전 | 아시아경제 | 다음뉴스 ,"아니라 비금융 정보로도 씬파일러들이 금융상품 누리게 한다, 리스크 관리 시스템. 머신러닝 통해서 오류 상황을 자동으로 인지하는 시스템도 가동 중""이라고 설명했다..."
65,특집-보험사기 예방‧심사시스템 어디까지 왔나,https://cp.news.search.daum.net/p/98210347, 17시간전 | 보험신보 ,"AI기반 보험사기 예측시스템을 자체 개발해 운영 중이다. 해당 시스템은 AI 기술 중에서 머신러닝 기법을 탑재해 계약 후 사고 경과 기간, 납입횟수, 청구금액, 특약 가입..."
66,DNA 결합 측정으로 각종 질병 진단,https://cp.news.search.daum.net/p/98193585, 2020.10.11 | 메디팜헬스뉴스 ,"대구경북첨단의료산업진흥재단(이사장 이영호, 이하 ‘재단’)이 머신러닝을 이용해 광(光) 기반 바이오센서를 효율적으로 설계하는 기술을 연구했다. 이번 설계기술 연구..."
67,"[Pangho Tehcnovalley, Innovation hub in ASIA] AI•머신러닝 기...",https://cp.news.search.daum.net/p/97878109, 2020.09.28 | 에이빙 ,-AI 엔진 응용서비스 활용한 '스마트주차관리시스템' 개발-무인·원격관리를 실현하는 IoT 기반의 '스마트 모니터링 솔루션' 사람들의 이동을 편리하게 만드는 모빌리티...
68,"오라클, ERP 클라우드 주요 업데이트 사항 발표",https://cp.news.search.daum.net/p/98224754, 5시간전 | 헬로티 ,필요한 복잡한 문제에 인력을 재배치할 수 있다. 지능형 계정 기본값 조합 설정: 머신러닝을 기반으로 구매 주문과 관련되지 않은 송장에 대한 코드 세그먼트를 자동으로...
69,"[이슈] AI 광고 기업 아키(Aarki), 목표수익률 초과 달성 3개 게...",http://v.media.daum.net/v/20201005091724123?f=o, 2020.10.05 | 데일리e스포츠 | 다음뉴스 ,단기간 달성 트라이윈게임즈 광고 추적 제한(LAT) 환경에서도 30% 높은 ROI 달성 머신러닝(AI)과 빅데이터를 활용하는 글로벌 모바일 광고 기업 아키(Aarki)가 5일 자사의...
70,"슈퍼브에이아이, 'AI인프라연합'에 합류",http://v.media.daum.net/v/20201007171715746?f=o, 2020.10.07 | 지디넷코리아 | 다음뉴스 ,"많은 주목을 받고 있는 MLOps(Machine Learning Operations)는 데이터 관리 및 머신러닝 시스템 개발과 서비스 운영을 통합, 안정적으로 서비스를 운영하면서도 신속하고..."
71,"아마존 머신러닝 대학, 'AI 온라인 강좌' 누구나 학습할 수 있도...",https://cp.news.search.daum.net/p/96305247, 2020.08.14 | 인공지능신문 ,"인공지능의 서브셋인 머신러닝(Machine Learning)은 인간의 상호작용 없이 데이터의 패턴과 구조를 분석하여 학습, 추론, 의사결정에 도움을 주는 전산과학 분야다. 여기에..."
72,"AWS, 머신러닝 활용해 가장 빠른 F1 드라이버 순위 발표",https://cp.news.search.daum.net/p/96420863, 2020.08.19 | 디지털데일리 ,제공하는 최신 F1 통계(Insight)인 ‘가장 빠른 드라이버(Fastest Driver)’는 머신러닝 기술을 활용해 F1 경주차 간의 차이를 배제하고 1983년부터 현재까지 모든 드라이버...
73,"페이스북 AI, 차등 개인정보보호 기능을 파이토치 모델에 학습시...",https://cp.news.search.daum.net/p/97243967, 2020.09.11 | 인공지능신문 ,차등 개인 정보 보호 기능을 파이토치(PyTorch) 모델을 학습하기 위한 새로운 고속 머신러닝 라이브러리 '오파쿠스(Opacus)'를 오픈 소스로 9일(현지시간) 공개했다. 이...
74,머신러닝 기반 5년 후 암 생존율 예측모델 개발,http://v.media.daum.net/v/20200803140807589?f=o, 2020.08.03 | 연합뉴스 | 다음뉴스 ,(서울=연합뉴스) 계승현 기자 = 머신러닝을 이용해 5년 후 암 생존자의 사망을 정확하게 예측하는 기술을 국내 연구팀이 개발했다. 서울의대와 국립암센터 연구팀(심진아...
75,"NXP, AI 윤리 이니셔티브 출범",https://cp.news.search.daum.net/p/98208241, 19시간전 | NAC미디어 ,"보안시스템, 자동차센서, 로봇, 산업자동화 장비 등 네트워크 ‘말단’에 사용되는 머신러닝 애플리케이션에 최적화된 마이크로컨트롤러와 프로세서 제품군을 보유하고..."
76,군집 드론-무인지상차량(UGV) 간 무선충전 기술 개발한다,https://cp.news.search.daum.net/p/98235952, 2시간전 | 로봇신문 ,무인지상차량이 팀을 이뤄 에너지 수요를 효과적으로 처리하지 못하면 인공지능과 머신러닝을 활용한 다른 첨단 기술은 별로 쓸모가 없게 될 것이라고 했다.미 육군연구소와...
77,과학기술 머신러닝 데이터 425만건 구축한다,http://v.media.daum.net/v/20200724094521495?f=o, 2020.07.24 | 파이낸셜뉴스 | 다음뉴스 ,"한국과학기술정보연구원(KISTI)이 축적해 온 논문 등 최대 425만여건의 과학기술 머신러닝 데이터 구축사업을 시작한다고 24일 밝혔다. 이 사업은 코로나 이후, 경제 상황에..."
78,"KAIST, 양자 인공지능, 양자 머신러닝 등 실용화 연구 가속... IB...",https://cp.news.search.daum.net/p/97929620, 2020.09.29 | 인공지능신문 ,"KAIST(총장 신성철)는 비즈니스와 과학 분야에 사용되는 양자 컴퓨팅을 발전시키기 위해 IBM과 협업하는 포춘 500대 기업, 교육기관, 스타트업, 연구소들의 공동체인 IBM Q..."
79,"현대해상, AI 보험사기 예측시스템 개발…머신러닝 기술 적용",https://cp.news.search.daum.net/p/96766905, 2020.08.28 | 업다운뉴스 ,해상이 발견하기 어려운 보험사기 패턴을 인공지능(AI)가 자동으로 식별할 수 있는 머신러닝 기술이 적용된 보험사기 예측시스템 개발에 나섰다. 현대해상은 갈수록 지능화...
80,"LG유플러스, 구글 클라우드와 5G 핵심 기술인 MEC(모바일에지컴퓨...",https://cp.news.search.daum.net/p/97562749, 2020.09.20 | 이코노뉴스 ,"개발에 협력하기로 했다.구글 클라우드는 자사의 핵심 기술인 쿠버네티스(Kubernetes), 인공지능(AI) 및 머신러닝(ML), 데이터처리∙분석 등 다양한 솔루션을 제공할 계획이다."
81,"오라클, ERP 클라우드 업데이트…비접촉 운영 기능 강화",https://cp.news.search.daum.net/p/98235270, 2시간전 | 데이터넷 ,"문제에 인력을 재배치할 수 있다. 또, 지능형 계정 기본값 조합 설정 기능으로 머신러닝을 기반으로 구매 주문과 관련되지 않은 송장에 대한 코드 세그먼트를 자동으로 예측..."
82,"[IT 스타트업 동향] 코드스테이츠,슈퍼브에이아이 오토라벨링,마...",https://cp.news.search.daum.net/p/98211007, 9시간전 | 블록체인밸리 ,대해서만 검수가 진행돼 더욱 높은 생산성이 담보된다. 슈퍼브에이아이의 인공지능 머신러닝 데이터 플랫폼 스위트에 탑재된 '오토라벨링'은 수동 작업 대비 최대 10...
83,"서울의대·국립암센터 연구팀, 머신러닝 기반 사망예측 모델 개발",http://v.media.daum.net/v/20200803151544498?f=o, 2020.08.03 | 스포츠조선 | 다음뉴스 ,"머신러닝(기계학습) 및 AI(인공지능) 관련 기술은 질병 진단의 정확도를 높이는 데에도 도움을 주는 것을 넘어, 미래의 환자 상태 및 나아가 사망까지도 예측해 이를 예방..."
84,AI 기반 의료영상분석 대표기업.. 50개 수요기업과 협업 신사업 개척,http://v.media.daum.net/v/20201011194026819?f=o, 21시간전 | 디지털타임스 | 다음뉴스 ,석·박사급이다. 김동민 대표는 일본 도쿄대에서 물리현상과 뇌과학 문제를 수치해석과 머신러닝을 이용해 푸는 연구를 했다. 이후 KAIST 출신으로 미국에서 창업 경험이...
85,금융⋅AI⋅엔터…엔씨소프트의 이유있는 외도,https://cp.news.search.daum.net/p/98246433, 24분전 | 시사저널e ,지난 2018년부터 서비스하고 있으며 최근에는 AI 미디어 공동연구 성과 중 하나로 머신러닝 기반 AI 날씨 기사를 제공하고 있다. 엔씨는 AI가 기사 내용을 파악해 관련 사진...
86,스마트한 군 의료체계 청사진,https://cp.news.search.daum.net/p/98237959, 2시간전 | 국방일보 ,"영국 수학자 앨런 튜링은 기계가 지능을 가질 수 있음을 증명했고, 2000년대 머신러닝과 딥러닝 기술의 발전과 함께 4차 산업혁명 시대가 도래했다. 2016년 이세돌 9..."
87,QLED 8K TV·비스포크 냉장고.. '실적 효자' 된 삼성전자 혁신 가전,http://v.media.daum.net/v/20201011162011123?f=o, 2020.10.11 | 한국경제 | 다음뉴스 ,즐기려는 소비자가 늘어날 것으로 본 것이다. 2020년형 QLED 8K TV엔 머신러닝과 딥러닝 방식을 결합한 ‘AI 퀀텀 프로세서’가 들어간다. 원본 영상의 화질에 관계없이 8K...
88,대구경북첨단의료산업진흥재단 광(光) 기반 바이오센서 개발,https://cp.news.search.daum.net/p/98191447, 2020.10.10 | 엔디엔뉴스 ,대구경북첨단의료산업진흥재단이 머신러닝을 이용해 광(光) 기반 바이오센서를 효율적으로 설계하는 기술을 연구했다. 이번 설계기술 연구논문은 분석화학 최고 권위지인...
89,"“ARM Cortex-A 코어, 2022년 이후 64비트만 지원한다”",https://cp.news.search.daum.net/p/98214602, 8시간전 | IT비즈뉴스 ,칩 수준의 혁신은 이어지고 있으나 사용사례가 복잡해지고 온-디바이스 인공지능/머신러닝(AI/ML) 워크로드가 증가하면서 칩 설계 방식의 재설계가 필요한 시점이라고 설명...
90,"""남이 쓴 판매글 도용해 현금 입금 유도"".. '당근마켓' 사기 거래...",http://v.media.daum.net/v/20201007182138044?f=o, 2020.10.07 | 파이낸셜뉴스 | 다음뉴스 ,당근마켓 측은 이 같은 '업자'들의 이용을 제재하기 위해 인공지능(AI)를 활용한 머신러닝으로 서비스 사용성을 저해하는 부적절한 게시글을 탐지해 걸러내고 있다. 고가의...
91,"ST, 임베디드 플래시 기반 STM32 MCU 출시",https://cp.news.search.daum.net/p/98219328, 7시간전 | 전자부품 ,"있다. STM32H7 디바이스를 한 개, 또는 다수의 센서와 연결하면 상태 모니터링이나 머신러닝 기법을 구현해 STM32 기반 제품의 부가가치를 높일 수 있다. STM32Trust 보안..."
92,"엔씨, 게임을 넘어 종합 IT기업으로 발돋움..기술 투자 대폭 확대",http://v.media.daum.net/v/20201008123904324?f=o, 2020.10.08 | 게임동아 | 다음뉴스 ,있는 전문인력만 150여명에 달한다. 매년 개최중인 NC AI 미디어토크 최근에는 머신러닝 기반 ‘AI(인공지능) 기자’를 개발해 게임 업계뿐 아니라 미디어 업계에서도 화제...
93,[전문가 시각] 진실을 왜곡하는 방법,https://cp.news.search.daum.net/p/98195807, 2020.10.11 | 에너지경제 ,인공지능기법 가운데 머신러닝(Machine Learning)이라는 것이 있다. 컴퓨터에게 여러 가지 사례를 제공해 컴퓨터가 스스로 경험칙을 형성하도록 하는 것이다. 이것은 사람이...
94,"머신러닝, AI로 사망예측 모델 개발",https://cp.news.search.daum.net/p/95915526, 2020.08.04 | 병원신문 ,"윤영호 교수)은 폐암 치료 후 암 생존자들의 생활 습관 및 삶의 질 정보를 활용해 머신러닝 기반의 사망예측 모델을 개발했으며, 이를 통해 5년 후 암 생존자의 사망을 보다..."
95,"팔로알토 네트웍스, ‘차세대 SD-WAN’ 출시",https://cp.news.search.daum.net/p/98188960, 2020.10.10 | BI코리아 ,대비 효과를 제공한다. 팔로알토 네트웍스가 공개한 차세대 SD-WAN 솔루션은 ▲머신러닝을 사용한 네트워크 운영 간소화 기능 ▲리테일 및 소호(SOHO) 사용자들을 위한 소형...
96,"첨복재단, 각종 질병 진단 10배 정밀 `광 바이오센서` 설계 기술 ...",https://cp.news.search.daum.net/p/98192707, 2020.10.10 | 경북신문 ,[경북신문=김범수 기자] 대구경북첨단의료산업진흥재단(이하 첨복재단)이 머신러닝을 이용해 기존 체외진단기보다 10배 이상 정밀한 광 바이오센서 설계 기술을 개발했다...
97,"현대해상, 머신러닝 활용 ‘허위 과장 보험 사기’ 탐지",https://cp.news.search.daum.net/p/96768503, 2020.08.28 | 뉴스포스트 ,[뉴스포스트=이해리 기자] 현대해상은 28일 인공지능(AI) 머신러닝 기술을 적용해 보험 사기 탐지능력을 22배 향상한 예측 시스템을 개발했다고 28일 밝혔다. 이 시스템은...
98,"은행vs빅테크, 뺏지 않으면 빼앗긴다…디지털 패권전쟁 서막 올랐다",https://cp.news.search.daum.net/p/98246329, 18분전 | 그린포스트코리아 ,모델 개발로 비금융정보로 씬파일러들에 금융 상품 제공 △리스크 관리 시스템 및 머신러닝 기반의 오류 상황을 자동 인지 시스템 적용 등이 있다.더불어 내년에는 보험...
99,단 '0.5초' 유령 표지판에 속은 테슬라 오토파일럿,https://cp.news.search.daum.net/p/98211521, 9시간전 | 블로터닷넷 ,이것은 버그가 아니다”라고 말한다. 그보단 훈련되지 않은 개체까지 탐지하는 머신러닝 모델의 근본적 결함이란 설명이다. 인간은 찰나의 깜빡임이나 엉뚱한 곳에서 등장...
